--TABLE biketypes
INSERT INTO bike_types (biketypeid, biketypedescription) VALUES (1, 'Velo Bike');
INSERT INTO bike_types (biketypeid, biketypedescription) VALUES (2, 'Velo E-Bike');
INSERT INTO bike_types (biketypeid, biketypedescription) VALUES (3, 'Step');
INSERT INTO bike_types (biketypeid, biketypedescription) VALUES (4, 'Scooter');

--TABLE subscriptiontypes
INSERT INTO subscription_types (subscriptiontypeid, description) VALUES (1, 'DAG');
INSERT INTO subscription_types (subscriptiontypeid, description) VALUES (2, 'MAAND');
INSERT INTO subscription_types (subscriptiontypeid, description) VALUES (3, 'JAAR');

--TABLE bikelots
INSERT INTO bikelots (deliverydate, biketypeid) VALUES (    TO_DATE('2014-01-06', 'YYYY-MM-DD'), 1);
INSERT INTO bikelots (deliverydate, biketypeid) VALUES (    TO_DATE('2014-02-03', 'YYYY-MM-DD'), 1);
INSERT INTO bikelots (deliverydate, biketypeid) VALUES (    TO_DATE('2014-03-12', 'YYYY-MM-DD'), 1);
INSERT INTO bikelots (deliverydate, biketypeid) VALUES (    TO_DATE('2014-06-01', 'YYYY-MM-DD'), 1);
INSERT INTO bikelots (deliverydate, biketypeid) VALUES (    TO_DATE('2015-02-25', 'YYYY-MM-DD'), 1);
INSERT INTO bikelots (deliverydate, biketypeid) VALUES (    TO_DATE('2015-06-30', 'YYYY-MM-DD'), 1);
INSERT INTO bikelots (deliverydate, biketypeid) VALUES (    TO_DATE('2016-03-12', 'YYYY-MM-DD'), 1);
INSERT INTO bikelots (deliverydate, biketypeid) VALUES (    TO_DATE('2016-12-12', 'YYYY-MM-DD'), 1);
INSERT INTO bikelots (deliverydate, biketypeid) VALUES (    TO_DATE('2017-02-10', 'YYYY-MM-DD'), 3);
INSERT INTO bikelots (deliverydate, biketypeid) VALUES (    TO_DATE('2018-01-12', 'YYYY-MM-DD'), 2);
INSERT INTO bikelots (deliverydate, biketypeid) VALUES (    TO_DATE('2018-10-20', 'YYYY-MM-DD'), 3);
INSERT INTO bikelots (deliverydate, biketypeid) VALUES (    TO_DATE('2019-04-12', 'YYYY-MM-DD'), 4);

--TABLE STATIONS
INSERT INTO stations (objectid, stationnr,type,street,number,zipcode,district, gpscoord , additionalinfo, labelid, cityid) VALUES ('33202' ,'026' ,'DUBBELZIJDIG' ,'Meir (2000)' ,'84' ,'2000' ,'ANTWERPEN' ,POINT(51.2182 ,4.41241) ,'' , NULL, NULL );
INSERT INTO stations (objectid, stationnr,type,street,number,zipcode,district, gpscoord , additionalinfo, labelid, cityid) VALUES ('33203' ,'019' ,'ENKELZIJDIG' ,'ONTBREKEND' ,'12' ,'2000' ,'ANTWERPEN' ,POINT(51.219 ,4.40405) ,'' , NULL, NULL );
INSERT INTO stations (objectid, stationnr,type,street,number,zipcode,district, gpscoord , additionalinfo, labelid, cityid) VALUES ('33204' ,'020' ,'ENKELZIJDIG' ,'Groenkerkhofstraat (2000)' ,'2' ,'2000' ,'ANTWERPEN' ,POINT(51.2187 ,4.40066) ,'thv Nationalestraat' , NULL, NULL );
INSERT INTO stations (objectid, stationnr,type,street,number,zipcode,district, gpscoord , additionalinfo, labelid, cityid) VALUES ('33205' ,'035' ,'ENKELZIJDIG' ,'Cockerillkaai (2000)' ,'' ,'2000' ,'ANTWERPEN' ,POINT(51.2104 ,4.38772) ,'' , NULL, NULL );
INSERT INTO stations (objectid, stationnr,type,street,number,zipcode,district, gpscoord , additionalinfo, labelid, cityid) VALUES ('33206' ,'094' ,'ENKELZIJDIG' ,'PALEISSTRAAT' ,'147' ,'2018' ,'ANTWERPEN' ,POINT(51.2047 ,4.39625) ,'' , NULL, NULL );
INSERT INTO stations (objectid, stationnr,type,street,number,zipcode,district, gpscoord , additionalinfo, labelid, cityid) VALUES ('33207' ,'012' ,'DUBBELZIJDIG' ,'Singel (2018)' ,'' ,'2018' ,'ANTWERPEN' ,POINT(51.1994 ,4.39013) ,'tssn Singel/Brederodestraat' , NULL, NULL );
INSERT INTO stations (objectid, stationnr,type,street,number,zipcode,district, gpscoord , additionalinfo, labelid, cityid) VALUES ('33208' ,'027' ,'ENKELZIJDIG' ,'Lange Nieuwstraat (2000)' ,'105' ,'2000' ,'ANTWERPEN' ,POINT(51.2195 ,4.41164) ,'' , NULL, NULL );
INSERT INTO stations (objectid, stationnr,type,street,number,zipcode,district, gpscoord , additionalinfo, labelid, cityid) VALUES ('33209' ,'044' ,'ENKELZIJDIG' ,'Belgiëlei (2018)' ,'99' ,'2018' ,'ANTWERPEN' ,POINT(51.2058 ,4.41836) ,'' , NULL, NULL );
INSERT INTO stations (objectid, stationnr,type,street,number,zipcode,district, gpscoord , additionalinfo, labelid, cityid) VALUES ('33210' ,'006' ,'ENKELZIJDIG' ,'Mercatorstraat (2018)' ,'18' ,'2018' ,'ANTWERPEN' ,POINT(51.2099 ,4.42248) ,'to 18' , NULL, NULL );
INSERT INTO stations (objectid, stationnr,type,street,number,zipcode,district, gpscoord , additionalinfo, labelid, cityid) VALUES ('33211' ,'111' ,'ENKELZIJDIG' ,'Plantin en Moretuslei (2140)' ,'' ,'2140' ,'BORGERHOUT' ,POINT(51.21 ,4.42741) ,'' , NULL, NULL );
INSERT INTO stations (objectid, stationnr,type,street,number,zipcode,district, gpscoord , additionalinfo, labelid, cityid) VALUES ('33212' ,'101' ,'ENKELZIJDIG' ,'Lange Stuivenbergstraat (2060)' ,'86-88' ,'2060' ,'ANTWERPEN' ,POINT(51.2241 ,4.43216) ,'to 86-88' , NULL, NULL );
INSERT INTO stations (objectid, stationnr,type,street,number,zipcode,district, gpscoord , additionalinfo, labelid, cityid) VALUES ('33213' ,'120' ,'ENKELZIJDIG' ,'Schijnpoortweg (2060)' ,'27-29' ,'2060' ,'ANTWERPEN' ,POINT(51.2276 ,4.43923) ,'' , NULL, NULL );
INSERT INTO stations (objectid, stationnr,type,street,number,zipcode,district, gpscoord , additionalinfo, labelid, cityid) VALUES ('33214' ,'144' ,'ENKELZIJDIG' ,'August Vermeylenlaan (2050)' ,'7' ,'2050' ,'ANTWERPEN' ,POINT(51.2314 ,4.3787) ,'to 7' , NULL, NULL );
INSERT INTO stations (objectid, stationnr,type,street,number,zipcode,district, gpscoord , additionalinfo, labelid, cityid) VALUES ('33215' ,'145' ,'ENKELZIJDIG' ,'August Vermeylenlaan (2050)' ,'' ,'2050' ,'ANTWERPEN' ,POINT(51.228 ,4.37856) ,'charles de costerlaan' , NULL, NULL );
INSERT INTO stations (objectid, stationnr,type,street,number,zipcode,district, gpscoord , additionalinfo, labelid, cityid) VALUES ('33216' ,'153' ,'ENKELZIJDIG' ,'Beatrijslaan (2050)' ,'42' ,'2050' ,'ANTWERPEN' ,POINT(51.2184 ,4.38558) ,'' , NULL, NULL );
INSERT INTO stations (objectid, stationnr,type,street,number,zipcode,district, gpscoord , additionalinfo, labelid, cityid) VALUES ('33217' ,'152' ,'DUBBELZIJDIG' ,'Blancefloerlaan (2050)' ,'163-165' ,'2050' ,'ANTWERPEN' ,POINT(51.22 ,4.37578) ,'' , NULL, NULL );
INSERT INTO stations (objectid, stationnr,type,street,number,zipcode,district, gpscoord , additionalinfo, labelid, cityid) VALUES ('33218' ,'149' ,'ENKELZIJDIG' ,'Blancefloerlaan (2050)' ,'' ,'2050' ,'ANTWERPEN' ,POINT(51.2206 ,4.38644) ,'to frederick van eedenplein' , NULL, NULL );
INSERT INTO stations (objectid, stationnr,type,street,number,zipcode,district, gpscoord , additionalinfo, labelid, cityid) VALUES ('33219' ,'142' ,'ENKELZIJDIG' ,'Esmoreitlaan (2050)' ,'13' ,'2050' ,'ANTWERPEN' ,POINT(51.2334 ,4.38254) ,'thv lodewijk van veltheimlaan' , NULL, NULL );
INSERT INTO stations (objectid, stationnr,type,street,number,zipcode,district, gpscoord , additionalinfo, labelid, cityid) VALUES ('33220' ,'148' ,'ENKELZIJDIG' ,'Frederik van Eedenplein (2050)' ,'4' ,'2050' ,'ANTWERPEN' ,POINT(51.2231 ,4.38623) ,'to 4' , NULL, NULL );
INSERT INTO stations (objectid, stationnr,type,street,number,zipcode,district, gpscoord , additionalinfo, labelid, cityid) VALUES ('33221' ,'143' ,'ENKELZIJDIG' ,'Gloriantlaan (2050)' ,'31' ,'2050' ,'ANTWERPEN' ,POINT(51.231 ,4.38586) ,'' , NULL, NULL );
INSERT INTO stations (objectid, stationnr,type,street,number,zipcode,district, gpscoord , additionalinfo, labelid, cityid) VALUES ('33222' ,'141' ,'ENKELZIJDIG' ,'Gloriantlaan (2050)' ,'' ,'2050' ,'ANTWERPEN' ,POINT(51.2352 ,4.38689) ,'thv kastanjedreef' , NULL, NULL );
INSERT INTO stations (objectid, stationnr,type,street,number,zipcode,district, gpscoord , additionalinfo, labelid, cityid) VALUES ('33223' ,'140' ,'ENKELZIJDIG' ,'Thonetlaan (2050)' ,'' ,'2050' ,'ANTWERPEN' ,POINT(51.2313 ,4.39162) ,'to jachthaven' , NULL, NULL );
INSERT INTO stations (objectid, stationnr,type,street,number,zipcode,district, gpscoord , additionalinfo, labelid, cityid) VALUES ('33224' ,'147' ,'ENKELZIJDIG' ,'Halewijnlaan (2050)' ,'88' ,'2050' ,'ANTWERPEN' ,POINT(51.224 ,4.37788) ,'' , NULL, NULL );
INSERT INTO stations (objectid, stationnr,type,street,number,zipcode,district, gpscoord , additionalinfo, labelid, cityid) VALUES ('33225' ,'146' ,'ENKELZIJDIG' ,'Reinaartlaan (2050)' ,'' ,'2050' ,'ANTWERPEN' ,POINT(51.2277 ,4.38587) ,'thv gloriantlaan' , NULL, NULL );
INSERT INTO stations (objectid, stationnr,type,street,number,zipcode,district, gpscoord , additionalinfo, labelid, cityid) VALUES ('33226' ,'150' ,'ENKELZIJDIG' ,'Waterhoenlaan (2050)' ,'12' ,'2050' ,'ANTWERPEN' ,POINT(51.22 ,4.38172) ,'' , NULL, NULL );
INSERT INTO stations (objectid, stationnr,type,street,number,zipcode,district, gpscoord , additionalinfo, labelid, cityid) VALUES ('33227' ,'138' ,'DUBBELZIJDIG' ,'Amsterdamstraat (2000)' ,'' ,'2000' ,'ANTWERPEN' ,POINT(51.2313 ,4.40358) ,'thv rijnkaai' , NULL, NULL );
INSERT INTO stations (objectid, stationnr,type,street,number,zipcode,district, gpscoord , additionalinfo, labelid, cityid) VALUES ('33228' ,'139' ,'ENKELZIJDIG' ,'Londenstraat (2000)' ,'53' ,'2000' ,'ANTWERPEN' ,POINT(51.2311 ,4.41236) ,'' , NULL, NULL );
INSERT INTO stations (objectid, stationnr,type,street,number,zipcode,district, gpscoord , additionalinfo, labelid, cityid) VALUES ('33229' ,'137' ,'DUBBELZIJDIG' ,'Sint-Laureiskaai (2000)' ,'' ,'2000' ,'ANTWERPEN' ,POINT(51.2297 ,4.40568) ,'' , NULL, NULL );
INSERT INTO stations (objectid, stationnr,type,street,number,zipcode,district, gpscoord , additionalinfo, labelid, cityid) VALUES ('33230' ,'060' ,'ENKELZIJDIG' ,'Wisselstraat (2000)' ,'12' ,'2000' ,'ANTWERPEN' ,POINT(51.2216 ,4.40047) ,'to 12' , NULL, NULL );
INSERT INTO stations (objectid, stationnr,type,street,number,zipcode,district, gpscoord , additionalinfo, labelid, cityid) VALUES ('33231' ,'127' ,'DUBBELZIJDIG' ,'Italiëlei (2000)' ,'4' ,'2000' ,'ANTWERPEN' ,POINT(51.2283 ,4.41336) ,'thv FOD financien' , NULL, NULL );
INSERT INTO stations (objectid, stationnr,type,street,number,zipcode,district, gpscoord , additionalinfo, labelid, cityid) VALUES ('33232' ,'014' ,'ENKELZIJDIG' ,'Jan Van Rijswijcklaan (2018)' ,'86' ,'2018' ,'ANTWERPEN' ,POINT(51.1968 ,4.40575) ,'' , NULL, NULL );
INSERT INTO stations (objectid, stationnr,type,street,number,zipcode,district, gpscoord , additionalinfo, labelid, cityid) VALUES ('33233' ,'050' ,'ENKELZIJDIG' ,'Sint-Paulusstraat (2000)' ,'42' ,'2000' ,'ANTWERPEN' ,POINT(51.2238 ,4.40295) ,'thv lange koepoortstraat' , NULL, NULL );
INSERT INTO stations (objectid, stationnr,type,street,number,zipcode,district, gpscoord , additionalinfo, labelid, cityid) VALUES ('33234' ,'077' ,'ENKELZIJDIG' ,'Oudevaartplaats (2000)' ,'' ,'2000' ,'ANTWERPEN' ,POINT(51.2125 ,4.40924) ,'thv frankrijklei' , NULL, NULL );
INSERT INTO stations (objectid, stationnr,type,street,number,zipcode,district, gpscoord , additionalinfo, labelid, cityid) VALUES ('33235' ,'080' ,'ENKELZIJDIG' ,'Amerikalei (2000)' ,'162' ,'2000' ,'ANTWERPEN' ,POINT(51.206 ,4.39297) ,'graaf van hoorplein thv graaf van hoornstraat' , NULL, NULL );
INSERT INTO stations (objectid, stationnr,type,street,number,zipcode,district, gpscoord , additionalinfo, labelid, cityid) VALUES ('33236' ,'040' ,'ENKELZIJDIG' ,'Desguinlei (2018)' ,'246' ,'2018' ,'ANTWERPEN' ,POINT(51.1968 ,4.39632) ,'to 246 oh plein' , NULL, NULL );
INSERT INTO stations (objectid, stationnr,type,street,number,zipcode,district, gpscoord , additionalinfo, labelid, cityid) VALUES ('33237' ,'102' ,'ENKELZIJDIG' ,'Duinstraat (2060)' ,'83-87' ,'2060' ,'ANTWERPEN' ,POINT(51.2224 ,4.43004) ,'' , NULL, NULL );
INSERT INTO stations (objectid, stationnr,type,street,number,zipcode,district, gpscoord , additionalinfo, labelid, cityid) VALUES ('33238' ,'126' ,'DUBBELZIJDIG' ,'Lange Dijkstraat (2060)' ,'46' ,'2060' ,'ANTWERPEN' ,POINT(51.228 ,4.41899) ,'thv van aerdtstraat' , NULL, NULL );
INSERT INTO stations (objectid, stationnr,type,street,number,zipcode,district, gpscoord , additionalinfo, labelid, cityid) VALUES ('33239' ,'076' ,'ENKELZIJDIG' ,'Nationalestraat (2000)' ,'111-113' ,'2000' ,'ANTWERPEN' ,POINT(51.2141 ,4.39795) ,'to 111-113 thv lange vlierstraat' , NULL, NULL );
INSERT INTO stations (objectid, stationnr,type,street,number,zipcode,district, gpscoord , additionalinfo, labelid, cityid) VALUES ('33240' ,'043' ,'ENKELZIJDIG' ,'Belgiëlei (2018)' ,'157' ,'2018' ,'ANTWERPEN' ,POINT(51.2036 ,4.41517) ,'thv Greterystraat' , NULL, NULL );
INSERT INTO stations (objectid, stationnr,type,street,number,zipcode,district, gpscoord , additionalinfo, labelid, cityid) VALUES ('33241' ,'008' ,'ENKELZIJDIG' ,'Burgemeester E. Ryckaertsplein (2600)' ,'' ,'2600' ,'BERCHEM' ,POINT(51.201 ,4.43397) ,'NMBS station Berchem' , NULL, NULL );
INSERT INTO stations (objectid, stationnr,type,street,number,zipcode,district, gpscoord , additionalinfo, labelid, cityid) VALUES ('33242' ,'112' ,'DUBBELZIJDIG' ,'Uitbreidingstraat (2600)' ,'578' ,'2600' ,'BERCHEM' ,POINT(51.2034 ,4.43676) ,'' , NULL, NULL );
INSERT INTO stations (objectid, stationnr,type,street,number,zipcode,district, gpscoord , additionalinfo, labelid, cityid) VALUES ('33243' ,'016' ,'ENKELZIJDIG' ,'Karel Rogierstraat (2000)' ,'2-4' ,'2000' ,'ANTWERPEN' ,POINT(51.2102 ,4.39651) ,'' , NULL, NULL );
INSERT INTO stations (objectid, stationnr,type,street,number,zipcode,district, gpscoord , additionalinfo, labelid, cityid) VALUES ('33244' ,'069' ,'ENKELZIJDIG' ,'Fonteinstraat (2140)' ,'70' ,'2140' ,'BORGERHOUT' ,POINT(51.2113 ,4.44199) ,'to 70' , NULL, NULL );
INSERT INTO stations (objectid, stationnr,type,street,number,zipcode,district, gpscoord , additionalinfo, labelid, cityid) VALUES ('33245' ,'151' ,'DUBBELZIJDIG' ,'Blancefloerlaan (2050)' ,'48a' ,'2050' ,'ANTWERPEN' ,POINT(51.2204 ,4.37858) ,'to 48a middenberm thv halewijnlaan' , NULL, NULL );
INSERT INTO stations (objectid, stationnr,type,street,number,zipcode,district, gpscoord , additionalinfo, labelid, cityid) VALUES ('33246' ,'024' ,'ENKELZIJDIG' ,'De Keyserlei (2018)' ,'' ,'2018' ,'ANTWERPEN' ,POINT(51.2179 ,4.41779) ,'verplaatst nr Anneessenstraat' , NULL, NULL );
INSERT INTO stations (objectid, stationnr,type,street,number,zipcode,district, gpscoord , additionalinfo, labelid, cityid) VALUES ('33247' ,'046' ,'ENKELZIJDIG' ,'Grotesteenweg (2600)' ,'' ,'2600' ,'BERCHEM' ,POINT(51.199 ,4.41555) ,'thv Boomgaardstraat' , NULL, NULL );
INSERT INTO stations (objectid, stationnr,type,street,number,zipcode,district, gpscoord , additionalinfo, labelid, cityid) VALUES ('33248' ,'047' ,'DUBBELZIJDIG' ,'Boomgaardstraat (2018)' ,'' ,'2018' ,'ANTWERPEN' ,POINT(51.2016 ,4.42361) ,'thv militair hospitaal' , NULL, NULL );
INSERT INTO stations (objectid, stationnr,type,street,number,zipcode,district, gpscoord , additionalinfo, labelid, cityid) VALUES ('33249' ,'119' ,'DUBBELZIJDIG' ,'Provinciestraat (2018)' ,'81' ,'2018' ,'ANTWERPEN' ,POINT(51.2155 ,4.42551) ,'to 81' , NULL, NULL );
INSERT INTO stations (objectid, stationnr,type,street,number,zipcode,district, gpscoord , additionalinfo, labelid, cityid) VALUES ('33250' ,'125' ,'ENKELZIJDIG' ,'Van Kerckhovenstraat (2060)' ,'16' ,'2060' ,'ANTWERPEN' ,POINT(51.2261 ,4.4234) ,'to 16 thv st-norbertusstraat' , NULL, NULL );
INSERT INTO stations (objectid, stationnr,type,street,number,zipcode,district, gpscoord , additionalinfo, labelid, cityid) VALUES ('33251' ,'051' ,'DUBBELZIJDIG' ,'Mutsaardstraat (2000)' ,'' ,'2000' ,'ANTWERPEN' ,POINT(51.2229 ,4.40621) ,'mutsaardplein thv blindestraat' , NULL, NULL );
INSERT INTO stations (objectid, stationnr,type,street,number,zipcode,district, gpscoord , additionalinfo, labelid, cityid) VALUES ('33252' ,'041' ,'ENKELZIJDIG' ,'Fransenplaats (2018)' ,'' ,'2018' ,'ANTWERPEN' ,POINT(51.2108 ,4.41174) ,'thv Moonstraat' , NULL, NULL );
INSERT INTO stations (objectid, stationnr,type,street,number,zipcode,district, gpscoord , additionalinfo, labelid, cityid) VALUES ('33253' ,'055' ,'ENKELZIJDIG' ,'Vredestraat (2600)' ,'99' ,'2600' ,'BERCHEM' ,POINT(51.1969 ,4.42811) ,'thv zonnebloemstraat' , NULL, NULL );
INSERT INTO stations (objectid, stationnr,type,street,number,zipcode,district, gpscoord , additionalinfo, labelid, cityid) VALUES ('33254' ,'003' ,'DUBBELZIJDIG' ,'Kievitplein (2018)' ,'' ,'2018' ,'ANTWERPEN' ,POINT(51.213 ,4.42177) ,'' , NULL, NULL );
INSERT INTO stations (objectid, stationnr,type,street,number,zipcode,district, gpscoord , additionalinfo, labelid, cityid) VALUES ('33255' ,'110' ,'ENKELZIJDIG' ,'Dageraadplaats (2018)' ,'' ,'2018' ,'ANTWERPEN' ,POINT(51.2069 ,4.43012) ,'' , NULL, NULL );
INSERT INTO stations (objectid, stationnr,type,street,number,zipcode,district, gpscoord , additionalinfo, labelid, cityid) VALUES ('33256' ,'061' ,'ENKELZIJDIG' ,'Statiestraat (2600)' ,'53' ,'2600' ,'BERCHEM' ,POINT(51.1979 ,4.42544) ,'thv victor jacobslei' , NULL, NULL );
INSERT INTO stations (objectid, stationnr,type,street,number,zipcode,district, gpscoord , additionalinfo, labelid, cityid) VALUES ('33257' ,'021' ,'ENKELZIJDIG' ,'Grotesteenweg (2600)' ,'' ,'2600' ,'BERCHEM' ,POINT(51.1954 ,4.41926) ,'thv Driekoningenstraat' , NULL, NULL );
INSERT INTO stations (objectid, stationnr,type,street,number,zipcode,district, gpscoord , additionalinfo, labelid, cityid) VALUES ('33258' ,'022' ,'ENKELZIJDIG' ,'Statiestraat (2600)' ,'' ,'2600' ,'BERCHEM' ,POINT(51.1998 ,4.43062) ,'thv Posthoflei' , NULL, NULL );
INSERT INTO stations (objectid, stationnr,type,street,number,zipcode,district, gpscoord , additionalinfo, labelid, cityid) VALUES ('33259' ,'030' ,'ENKELZIJDIG' ,'Laar (2140)' ,'' ,'2140' ,'BORGERHOUT' ,POINT(51.2163 ,4.43335) ,'thv Kerkplein' , NULL, NULL );
INSERT INTO stations (objectid, stationnr,type,street,number,zipcode,district, gpscoord , additionalinfo, labelid, cityid) VALUES ('33260' ,'039' ,'ENKELZIJDIG' ,'Betogingstraat (2140)' ,'1' ,'2140' ,'BORGERHOUT' ,POINT(51.211 ,4.43408) ,'to 1' , NULL, NULL );
INSERT INTO stations (objectid, stationnr,type,street,number,zipcode,district, gpscoord , additionalinfo, labelid, cityid) VALUES ('33261' ,'108' ,'DUBBELZIJDIG' ,'Krugerplein (2140)' ,'' ,'2140' ,'BORGERHOUT' ,POINT(51.216 ,4.44011) ,'thv delarayestraat                 ' , NULL, NULL );
INSERT INTO stations (objectid, stationnr,type,street,number,zipcode,district, gpscoord , additionalinfo, labelid, cityid) VALUES ('33262' ,'004' ,'ENKELZIJDIG' ,'De Keyserlei (2018)' ,'57' ,'2018' ,'ANTWERPEN' ,POINT(51.2174 ,4.42002) ,'' , NULL, NULL );
INSERT INTO stations (objectid, stationnr,type,street,number,zipcode,district, gpscoord , additionalinfo, labelid, cityid) VALUES ('33263' ,'028' ,'ENKELZIJDIG' ,'Keizerstraat (2000)' ,'56-58' ,'2000' ,'ANTWERPEN' ,POINT(51.2215 ,4.40872) ,'to 56-58' , NULL, NULL );
INSERT INTO stations (objectid, stationnr,type,street,number,zipcode,district, gpscoord , additionalinfo, labelid, cityid) VALUES ('33264' ,'130' ,'ENKELZIJDIG' ,'Lamorinièrestraat (2018)' ,'148' ,'2018' ,'ANTWERPEN' ,POINT(51.2038 ,4.42079) ,'' , NULL, NULL );
INSERT INTO stations (objectid, stationnr,type,street,number,zipcode,district, gpscoord , additionalinfo, labelid, cityid) VALUES ('33265' ,'093' ,'ENKELZIJDIG' ,'Sint-Vincentiusstraat (2018)' ,'61' ,'2018' ,'ANTWERPEN' ,POINT(51.2053 ,4.41347) ,'to 61' , NULL, NULL );
INSERT INTO stations (objectid, stationnr,type,street,number,zipcode,district, gpscoord , additionalinfo, labelid, cityid) VALUES ('33266' ,'089' ,'ENKELZIJDIG' ,'Van Schoonbekestraat (2018)' ,'' ,'2018' ,'ANTWERPEN' ,POINT(51.1984 ,4.4022) ,'thv markgravelei' , NULL, NULL );
INSERT INTO stations (objectid, stationnr,type,street,number,zipcode,district, gpscoord , additionalinfo, labelid, cityid) VALUES ('33267' ,'085' ,'ENKELZIJDIG' ,'Boudewijnsstraat (2018)' ,'19-21' ,'2018' ,'ANTWERPEN' ,POINT(51.2058 ,4.39879) ,'to 19-21' , NULL, NULL );
INSERT INTO stations (objectid, stationnr,type,street,number,zipcode,district, gpscoord , additionalinfo, labelid, cityid) VALUES ('33268' ,'096' ,'ENKELZIJDIG' ,'Rubenslei (2018)' ,'' ,'2018' ,'ANTWERPEN' ,POINT(51.2134 ,4.41328) ,'thv ingang park' , NULL, NULL );
INSERT INTO stations (objectid, stationnr,type,street,number,zipcode,district, gpscoord , additionalinfo, labelid, cityid) VALUES ('33269' ,'065' ,'ENKELZIJDIG' ,'Plantinkaai (2000)' ,'27' ,'2000' ,'ANTWERPEN' ,POINT(51.2165 ,4.39376) ,'to 27' , NULL, NULL );
INSERT INTO stations (objectid, stationnr,type,street,number,zipcode,district, gpscoord , additionalinfo, labelid, cityid) VALUES ('33270' ,'017' ,'ENKELZIJDIG' ,'Groenplaats (2000)' ,'7' ,'2000' ,'ANTWERPEN' ,POINT(51.2189 ,4.4012) ,'' , NULL, NULL );
INSERT INTO stations (objectid, stationnr,type,street,number,zipcode,district, gpscoord , additionalinfo, labelid, cityid) VALUES ('33271' ,'054' ,'ENKELZIJDIG' ,'Pieter van Hobokenstraat (2000)' ,'19-21' ,'2000' ,'ANTWERPEN' ,POINT(51.2219 ,4.41287) ,'' , NULL, NULL );
INSERT INTO stations (objectid, stationnr,type,street,number,zipcode,district, gpscoord , additionalinfo, labelid, cityid) VALUES ('33272' ,'118' ,'ENKELZIJDIG' ,'Trapstraat (2060)' ,'10' ,'2060' ,'ANTWERPEN' ,POINT(51.2273 ,4.42234) ,'' , NULL, NULL );
INSERT INTO stations (objectid, stationnr,type,street,number,zipcode,district, gpscoord , additionalinfo, labelid, cityid) VALUES ('33273' ,'121' ,'ENKELZIJDIG' ,'Stuivenbergplein (2060)' ,'36-1' ,'2060' ,'ANTWERPEN' ,POINT(51.2273 ,4.4307) ,'to 36-1' , NULL, NULL );
INSERT INTO stations (objectid, stationnr,type,street,number,zipcode,district, gpscoord , additionalinfo, labelid, cityid) VALUES ('33274' ,'103' ,'DUBBELZIJDIG' ,'Binnensingel (2600)' ,'' ,'2600' ,'BERCHEM' ,POINT(51.1926 ,4.42148) ,'kp Grote Stwg' , NULL, NULL );
INSERT INTO stations (objectid, stationnr,type,street,number,zipcode,district, gpscoord , additionalinfo, labelid, cityid) VALUES ('33275' ,'031' ,'ENKELZIJDIG' ,'Karel Oomsstraat (2018)' ,'69' ,'2018' ,'ANTWERPEN' ,POINT(51.1931 ,4.40801) ,'to 69 od middenberm thv binnensingel' , NULL, NULL );
INSERT INTO stations (objectid, stationnr,type,street,number,zipcode,district, gpscoord , additionalinfo, labelid, cityid) VALUES ('33276' ,'131' ,'ENKELZIJDIG' ,'De Wittestraat (2600)' ,'101' ,'2600' ,'BERCHEM' ,POINT(51.1938 ,4.41224) ,'to 101, thv generaal lemanstraat' , NULL, NULL );
INSERT INTO stations (objectid, stationnr,type,street,number,zipcode,district, gpscoord , additionalinfo, labelid, cityid) VALUES ('33277' ,'100' ,'ENKELZIJDIG' ,'Frans Van Hombeeckplein (2600)' ,'10' ,'2600' ,'BERCHEM' ,POINT(51.1951 ,4.41756) ,'to 10' , NULL, NULL );
INSERT INTO stations (objectid, stationnr,type,street,number,zipcode,district, gpscoord , additionalinfo, labelid, cityid) VALUES ('33278' ,'099' ,'ENKELZIJDIG' ,'Generaal Lemanstraat (2018)' ,'6' ,'2018' ,'ANTWERPEN' ,POINT(51.1971 ,4.4103) ,'to 6 thv karel oomsstraat' , NULL, NULL );
INSERT INTO stations (objectid, stationnr,type,street,number,zipcode,district, gpscoord , additionalinfo, labelid, cityid) VALUES ('33279' ,'010' ,'DUBBELZIJDIG' ,'Desguinlei (2018)' ,'' ,'2018' ,'ANTWERPEN' ,POINT(51.1985 ,4.39071) ,'Kielsbroek thv Montignystraat' , NULL, NULL );
INSERT INTO stations (objectid, stationnr,type,street,number,zipcode,district, gpscoord , additionalinfo, labelid, cityid) VALUES ('33280' ,'098' ,'ENKELZIJDIG' ,'Boomgaardstraat (2018)' ,'31' ,'2018' ,'ANTWERPEN' ,POINT(51.1999 ,4.41879) ,'' , NULL, NULL );
INSERT INTO stations (objectid, stationnr,type,street,number,zipcode,district, gpscoord , additionalinfo, labelid, cityid) VALUES ('33281' ,'087' ,'ENKELZIJDIG' ,'Lange Elzenstraat (2018)' ,'56' ,'2018' ,'ANTWERPEN' ,POINT(51.2008 ,4.39421) ,'' , NULL, NULL );
INSERT INTO stations (objectid, stationnr,type,street,number,zipcode,district, gpscoord , additionalinfo, labelid, cityid) VALUES ('33282' ,'007' ,'ENKELZIJDIG' ,'Burgemeester E. Ryckaertsplein (2600)' ,'' ,'2600' ,'BERCHEM' ,POINT(51.201 ,4.43401) ,'NMBS station Berchem' , NULL, NULL );
INSERT INTO stations (objectid, stationnr,type,street,number,zipcode,district, gpscoord , additionalinfo, labelid, cityid) VALUES ('33283' ,'009' ,'ENKELZIJDIG' ,'Wilrijkstraat (2140)' ,'' ,'2140' ,'BORGERHOUT' ,POINT(51.209 ,4.43769) ,'thv plantin moretuslei' , NULL, NULL );
INSERT INTO stations (objectid, stationnr,type,street,number,zipcode,district, gpscoord , additionalinfo, labelid, cityid) VALUES ('33284' ,'088' ,'ENKELZIJDIG' ,'Van Trierstraat (2018)' ,'2' ,'2018' ,'ANTWERPEN' ,POINT(51.2012 ,4.40222) ,'to 2 thv haantjeslei' , NULL, NULL );
INSERT INTO stations (objectid, stationnr,type,street,number,zipcode,district, gpscoord , additionalinfo, labelid, cityid) VALUES ('33285' ,'029' ,'ENKELZIJDIG' ,'Lange Lozanastraat (2018)' ,'' ,'2018' ,'ANTWERPEN' ,POINT(51.2018 ,4.40605) ,'' , NULL, NULL );
INSERT INTO stations (objectid, stationnr,type,street,number,zipcode,district, gpscoord , additionalinfo, labelid, cityid) VALUES ('33286' ,'042' ,'ENKELZIJDIG' ,'Mechelsesteenweg (2018)' ,'' ,'2018' ,'ANTWERPEN' ,POINT(51.2023 ,4.41208) ,'thv ingang harmoniepark' , NULL, NULL );
INSERT INTO stations (objectid, stationnr,type,street,number,zipcode,district, gpscoord , additionalinfo, labelid, cityid) VALUES ('33287' ,'097' ,'ENKELZIJDIG' ,'Stanleystraat (2018)' ,'1' ,'2018' ,'ANTWERPEN' ,POINT(51.2032 ,4.42847) ,'to 1 thv lange leemstraat' , NULL, NULL );
INSERT INTO stations (objectid, stationnr,type,street,number,zipcode,district, gpscoord , additionalinfo, labelid, cityid) VALUES ('33288' ,'086' ,'ENKELZIJDIG' ,'Troonplaats (2018)' ,'' ,'2018' ,'ANTWERPEN' ,POINT(51.2034 ,4.39221) ,'thv montignystraat' , NULL, NULL );
INSERT INTO stations (objectid, stationnr,type,street,number,zipcode,district, gpscoord , additionalinfo, labelid, cityid) VALUES ('33289' ,'092' ,'ENKELZIJDIG' ,'Mechelsesteenweg (2018)' ,'180' ,'2018' ,'ANTWERPEN' ,POINT(51.2046 ,4.41058) ,'' , NULL, NULL );
INSERT INTO stations (objectid, stationnr,type,street,number,zipcode,district, gpscoord , additionalinfo, labelid, cityid) VALUES ('33290' ,'090' ,'ENKELZIJDIG' ,'Vinkenstraat (2018)' ,'7' ,'2018' ,'ANTWERPEN' ,POINT(51.2046 ,4.40478) ,'to 7' , NULL, NULL );
INSERT INTO stations (objectid, stationnr,type,street,number,zipcode,district, gpscoord , additionalinfo, labelid, cityid) VALUES ('33291' ,'081' ,'ENKELZIJDIG' ,'Bolivarplaats (2000)' ,'' ,'2000' ,'ANTWERPEN' ,POINT(51.2047 ,4.38765) ,'thv gerechtsgebouw' , NULL, NULL );
INSERT INTO stations (objectid, stationnr,type,street,number,zipcode,district, gpscoord , additionalinfo, labelid, cityid) VALUES ('33292' ,'106' ,'ENKELZIJDIG' ,'Draakplaats (2018)' ,'' ,'2600' ,'BERCHEM' ,POINT(51.2054 ,4.43226) ,'' , NULL, NULL );
INSERT INTO stations (objectid, stationnr,type,street,number,zipcode,district, gpscoord , additionalinfo, labelid, cityid) VALUES ('33293' ,'083' ,'ENKELZIJDIG' ,'Amerikalei (2000)' ,'82' ,'2000' ,'ANTWERPEN' ,POINT(51.2077 ,4.39846) ,'' , NULL, NULL );
INSERT INTO stations (objectid, stationnr,type,street,number,zipcode,district, gpscoord , additionalinfo, labelid, cityid) VALUES ('33294' ,'015' ,'ENKELZIJDIG' ,'Beeldhouwersstraat (2000)' ,'' ,'2000' ,'ANTWERPEN' ,POINT(51.2078 ,4.39445) ,'thv Admiraal De Boisotstraat' , NULL, NULL );
INSERT INTO stations (objectid, stationnr,type,street,number,zipcode,district, gpscoord , additionalinfo, labelid, cityid) VALUES ('33295' ,'104' ,'ENKELZIJDIG' ,'Provinciestraat (2018)' ,'' ,'2018' ,'ANTWERPEN' ,POINT(51.2082 ,4.42433) ,'thv mercatorstraat' , NULL, NULL );
INSERT INTO stations (objectid, stationnr,type,street,number,zipcode,district, gpscoord , additionalinfo, labelid, cityid) VALUES ('33296' ,'082' ,'DUBBELZIJDIG' ,'Waalsekaai (2000)' ,'46' ,'2000' ,'ANTWERPEN' ,POINT(51.2088 ,4.38739) ,'thv Fotografie museum' , NULL, NULL );
INSERT INTO stations (objectid, stationnr,type,street,number,zipcode,district, gpscoord , additionalinfo, labelid, cityid) VALUES ('33297' ,'091' ,'ENKELZIJDIG' ,'Mechelsesteenweg (2018)' ,'66' ,'2018' ,'ANTWERPEN' ,POINT(51.2088 ,4.40832) ,'' , NULL, NULL );
INSERT INTO stations (objectid, stationnr,type,street,number,zipcode,district, gpscoord , additionalinfo, labelid, cityid) VALUES ('33298' ,'105' ,'ENKELZIJDIG' ,'Plantin en Moretuslei (2018)' ,'158' ,'2018' ,'ANTWERPEN' ,POINT(51.209 ,4.43266) ,'' , NULL, NULL );
INSERT INTO stations (objectid, stationnr,type,street,number,zipcode,district, gpscoord , additionalinfo, labelid, cityid) VALUES ('33299' ,'078' ,'ENKELZIJDIG' ,'Britselei (2000)' ,'86-94' ,'2000' ,'ANTWERPEN' ,POINT(51.2092 ,4.40293) ,'' , NULL, NULL );
INSERT INTO stations (objectid, stationnr,type,street,number,zipcode,district, gpscoord , additionalinfo, labelid, cityid) VALUES ('33300' ,'075' ,'ENKELZIJDIG' ,'Vlaamsekaai (2000)' ,'35' ,'2000' ,'ANTWERPEN' ,POINT(51.2098 ,4.39089) ,'' , NULL, NULL );
INSERT INTO stations (objectid, stationnr,type,street,number,zipcode,district, gpscoord , additionalinfo, labelid, cityid) VALUES ('33301' ,'116' ,'ENKELZIJDIG' ,'Van Eycklei (2018)' ,'48' ,'2018' ,'ANTWERPEN' ,POINT(51.2101 ,4.41739) ,'to 48' , NULL, NULL );
INSERT INTO stations (objectid, stationnr,type,street,number,zipcode,district, gpscoord , additionalinfo, labelid, cityid) VALUES ('33302' ,'034' ,'ENKELZIJDIG' ,'Leuvenstraat (2000)' ,'' ,'2000' ,'ANTWERPEN' ,POINT(51.211 ,4.39035) ,'thv Waalsekaai' , NULL, NULL );
INSERT INTO stations (objectid, stationnr,type,street,number,zipcode,district, gpscoord , additionalinfo, labelid, cityid) VALUES ('33303' ,'079' ,'ENKELZIJDIG' ,'Britselei (2000)' ,'4' ,'2000' ,'ANTWERPEN' ,POINT(51.2111 ,4.40728) ,'thv mechelsesteenweg' , NULL, NULL );
INSERT INTO stations (objectid, stationnr,type,street,number,zipcode,district, gpscoord , additionalinfo, labelid, cityid) VALUES ('33304' ,'132' ,'ENKELZIJDIG' ,'Maarschalk Montgomeryplein (2140)' ,'4' ,'2140' ,'BORGERHOUT' ,POINT(51.2117 ,4.43779) ,'to 4 oh plein' , NULL, NULL );
INSERT INTO stations (objectid, stationnr,type,street,number,zipcode,district, gpscoord , additionalinfo, labelid, cityid) VALUES ('33305' ,'072' ,'ENKELZIJDIG' ,'Kronenburgstraat (2000)' ,'82' ,'2000' ,'ANTWERPEN' ,POINT(51.2119 ,4.3989) ,'to 82' , NULL, NULL );
INSERT INTO stations (objectid, stationnr,type,street,number,zipcode,district, gpscoord , additionalinfo, labelid, cityid) VALUES ('33306' ,'074' ,'ENKELZIJDIG' ,'Kloosterstraat (2000)' ,'164' ,'2000' ,'ANTWERPEN' ,POINT(51.2123 ,4.39402) ,'to 164 thv kronenburgstraat' , NULL, NULL );
INSERT INTO stations (objectid, stationnr,type,street,number,zipcode,district, gpscoord , additionalinfo, labelid, cityid) VALUES ('33307' ,'005' ,'DUBBELZIJDIG' ,'Lange Kievitstraat (2018)' ,'70' ,'2018' ,'ANTWERPEN' ,POINT(51.213 ,4.42164) ,'' , NULL, NULL );
INSERT INTO stations (objectid, stationnr,type,street,number,zipcode,district, gpscoord , additionalinfo, labelid, cityid) VALUES ('33308' ,'084' ,'ENKELZIJDIG' ,'Lange Gasthuisstraat (2000)' ,'3' ,'2000' ,'ANTWERPEN' ,POINT(51.2135 ,4.40496) ,'to 3' , NULL, NULL );
INSERT INTO stations (objectid, stationnr,type,street,number,zipcode,district, gpscoord , additionalinfo, labelid, cityid) VALUES ('33309' ,'107' ,'DUBBELZIJDIG' ,'Moorkensplein (2140)' ,'' ,'2140' ,'BORGERHOUT' ,POINT(51.2134 ,4.4339) ,'' , NULL, NULL );
INSERT INTO stations (objectid, stationnr,type,street,number,zipcode,district, gpscoord , additionalinfo, labelid, cityid) VALUES ('33310' ,'037' ,'ENKELZIJDIG' ,'Tabakvest (2000)' ,'42' ,'2000' ,'ANTWERPEN' ,POINT(51.2153 ,4.41207) ,'' , NULL, NULL );
INSERT INTO stations (objectid, stationnr,type,street,number,zipcode,district, gpscoord , additionalinfo, labelid, cityid) VALUES ('33311' ,'095' ,'ENKELZIJDIG' ,'Quinten Matsijslei (2018)' ,'12' ,'2018' ,'ANTWERPEN' ,POINT(51.2142 ,4.41618) ,'' , NULL, NULL );
INSERT INTO stations (objectid, stationnr,type,street,number,zipcode,district, gpscoord , additionalinfo, labelid, cityid) VALUES ('33312' ,'070' ,'ENKELZIJDIG' ,'Sint-Andriesplaats (2000)' ,'23' ,'2000' ,'ANTWERPEN' ,POINT(51.2148 ,4.39638) ,'to 23 oh plein' , NULL, NULL );
INSERT INTO stations (objectid, stationnr,type,street,number,zipcode,district, gpscoord , additionalinfo, labelid, cityid) VALUES ('33313' ,'071' ,'ENKELZIJDIG' ,'Sint-Michielskaai (2000)' ,'21' ,'2000' ,'ANTWERPEN' ,POINT(51.2148 ,4.39251) ,'to 21' , NULL, NULL );
INSERT INTO stations (objectid, stationnr,type,street,number,zipcode,district, gpscoord , additionalinfo, labelid, cityid) VALUES ('33314' ,'067' ,'ENKELZIJDIG' ,'Oudaan (2000)' ,'14' ,'2000' ,'ANTWERPEN' ,POINT(51.2158 ,4.40307) ,'' , NULL, NULL );
INSERT INTO stations (objectid, stationnr,type,street,number,zipcode,district, gpscoord , additionalinfo, labelid, cityid) VALUES ('33315' ,'036' ,'ENKELZIJDIG' ,'Schuttershofstraat (2000)' ,'2' ,'2000' ,'ANTWERPEN' ,POINT(51.2164 ,4.40602) ,'' , NULL, NULL );
INSERT INTO stations (objectid, stationnr,type,street,number,zipcode,district, gpscoord , additionalinfo, labelid, cityid) VALUES ('33316' ,'023' ,'ENKELZIJDIG' ,'Wapper (2000)' ,'' ,'2000' ,'ANTWERPEN' ,POINT(51.2171 ,4.40888) ,'thv Jodenstraat' , NULL, NULL );
INSERT INTO stations (objectid, stationnr,type,street,number,zipcode,district, gpscoord , additionalinfo, labelid, cityid) VALUES ('33317' ,'066' ,'ENKELZIJDIG' ,'Drukkerijstraat (2000)' ,'18' ,'2000' ,'ANTWERPEN' ,POINT(51.2171 ,4.39924) ,'' , NULL, NULL );
INSERT INTO stations (objectid, stationnr,type,street,number,zipcode,district, gpscoord , additionalinfo, labelid, cityid) VALUES ('33318' ,'001' ,'ENKELZIJDIG' ,'Koningin Astridplein (2018)' ,'31-32' ,'2018' ,'ANTWERPEN' ,POINT(51.2177 ,4.42065) ,'' , NULL, NULL );
INSERT INTO stations (objectid, stationnr,type,street,number,zipcode,district, gpscoord , additionalinfo, labelid, cityid) VALUES ('33319' ,'018' ,'ENKELZIJDIG' ,'Meir (2000)' ,'18' ,'2000' ,'ANTWERPEN' ,POINT(51.2182 ,4.40617) ,'' , NULL, NULL );
INSERT INTO stations (objectid, stationnr,type,street,number,zipcode,district, gpscoord , additionalinfo, labelid, cityid) VALUES ('33320' ,'025' ,'DUBBELZIJDIG' ,'Leysstraat (2000)' ,'27' ,'2000' ,'ANTWERPEN' ,POINT(51.2183 ,4.41409) ,'' , NULL, NULL );
INSERT INTO stations (objectid, stationnr,type,street,number,zipcode,district, gpscoord , additionalinfo, labelid, cityid) VALUES ('33321' ,'109' ,'ENKELZIJDIG' ,'Kerkstraat (2060)' ,'58' ,'2060' ,'ANTWERPEN' ,POINT(51.2186 ,4.43056) ,'' , NULL, NULL );
INSERT INTO stations (objectid, stationnr,type,street,number,zipcode,district, gpscoord , additionalinfo, labelid, cityid) VALUES ('33322' ,'113' ,'ENKELZIJDIG' ,'Vercammenstraat (2140)' ,'3' ,'2140' ,'BORGERHOUT' ,POINT(51.2186 ,4.43864) ,'thv helmstraat' , NULL, NULL );
INSERT INTO stations (objectid, stationnr,type,street,number,zipcode,district, gpscoord , additionalinfo, labelid, cityid) VALUES ('33323' ,'064' ,'DUBBELZIJDIG' ,'Plantinkaai (2000)' ,'' ,'2000' ,'ANTWERPEN' ,POINT(51.2191 ,4.3949) ,'to st-jansvliet zuiderterras' , NULL, NULL );
INSERT INTO stations (objectid, stationnr,type,street,number,zipcode,district, gpscoord , additionalinfo, labelid, cityid) VALUES ('33324' ,'011' ,'ENKELZIJDIG' ,'Osystraat (2060)' ,'' ,'2000' ,'ANTWERPEN' ,POINT(51.2221 ,4.41834) ,'verplaatst van Italielei naar Osystraat' , NULL, NULL );
INSERT INTO stations (objectid, stationnr,type,street,number,zipcode,district, gpscoord , additionalinfo, labelid, cityid) VALUES ('33325' ,'059' ,'ENKELZIJDIG' ,'Ernest Van Dijckkaai (2000)' ,'11-12' ,'2000' ,'ANTWERPEN' ,POINT(51.2211 ,4.39675) ,'to 11-12 zuiderterras' , NULL, NULL );
INSERT INTO stations (objectid, stationnr,type,street,number,zipcode,district, gpscoord , additionalinfo, labelid, cityid) VALUES ('33326' ,'057' ,'ENKELZIJDIG' ,'Wolstraat (2000)' ,'2' ,'2000' ,'ANTWERPEN' ,POINT(51.2216 ,4.40268) ,'thv korte koepoortstraat' , NULL, NULL );
INSERT INTO stations (objectid, stationnr,type,street,number,zipcode,district, gpscoord , additionalinfo, labelid, cityid) VALUES ('33327' ,'032' ,'ENKELZIJDIG' ,'De Coninckplein (2060)' ,'26' ,'2060' ,'ANTWERPEN' ,POINT(51.2217 ,4.42076) ,'to 26' , NULL, NULL );
INSERT INTO stations (objectid, stationnr,type,street,number,zipcode,district, gpscoord , additionalinfo, labelid, cityid) VALUES ('33328' ,'114' ,'ENKELZIJDIG' ,'Pesthofstraat (2060)' ,'7' ,'2060' ,'ANTWERPEN' ,POINT(51.2221 ,4.43377) ,'to 7' , NULL, NULL );
INSERT INTO stations (objectid, stationnr,type,street,number,zipcode,district, gpscoord , additionalinfo, labelid, cityid) VALUES ('33329' ,'056' ,'ENKELZIJDIG' ,'Minderbroedersrui (2000)' ,'46' ,'2000' ,'ANTWERPEN' ,POINT(51.2222 ,4.40457) ,'' , NULL, NULL );
INSERT INTO stations (objectid, stationnr,type,street,number,zipcode,district, gpscoord , additionalinfo, labelid, cityid) VALUES ('33330' ,'115' ,'ENKELZIJDIG' ,'Sint-Elisabethstraat (2060)' ,'63' ,'2060' ,'ANTWERPEN' ,POINT(51.2228 ,4.4243) ,'thv greinstraat' , NULL, NULL );
INSERT INTO stations (objectid, stationnr,type,street,number,zipcode,district, gpscoord , additionalinfo, labelid, cityid) VALUES ('33331' ,'058' ,'ENKELZIJDIG' ,'Jordaenskaai (2000)' ,'' ,'2000' ,'ANTWERPEN' ,POINT(51.2243 ,4.39908) ,'to saucierstraat' , NULL, NULL );
INSERT INTO stations (objectid, stationnr,type,street,number,zipcode,district, gpscoord , additionalinfo, labelid, cityid) VALUES ('33332' ,'053' ,'ENKELZIJDIG' ,'Paardenmarkt (2000)' ,'90' ,'2000' ,'ANTWERPEN' ,POINT(51.2248 ,4.41288) ,'thv kleine kauwenberg' , NULL, NULL );
INSERT INTO stations (objectid, stationnr,type,street,number,zipcode,district, gpscoord , additionalinfo, labelid, cityid) VALUES ('33333' ,'122' ,'ENKELZIJDIG' ,'Pothoekstraat (2060)' ,'122' ,'2060' ,'ANTWERPEN' ,POINT(51.2247 ,4.43659) ,'to 122' , NULL, NULL );
INSERT INTO stations (objectid, stationnr,type,street,number,zipcode,district, gpscoord , additionalinfo, labelid, cityid) VALUES ('33334' ,'117' ,'ENKELZIJDIG' ,'Sint-Jansplein (2060)' ,'17' ,'2060' ,'ANTWERPEN' ,POINT(51.2255 ,4.41839) ,'to 17' , NULL, NULL );
INSERT INTO stations (objectid, stationnr,type,street,number,zipcode,district, gpscoord , additionalinfo, labelid, cityid) VALUES ('33335' ,'052' ,'DUBBELZIJDIG' ,'Entrepotkaai (2000)' ,'15' ,'2000' ,'ANTWERPEN' ,POINT(51.2281 ,4.41159) ,'verplaatst van italielei nr Entrepotkaai' , NULL, NULL );
INSERT INTO stations (objectid, stationnr,type,street,number,zipcode,district, gpscoord , additionalinfo, labelid, cityid) VALUES ('33336' ,'049' ,'ENKELZIJDIG' ,'Sint-Pietersvliet (2000)' ,'' ,'2000' ,'ANTWERPEN' ,POINT(51.2259 ,4.40085) ,'thv tolhuis' , NULL, NULL );
INSERT INTO stations (objectid, stationnr,type,street,number,zipcode,district, gpscoord , additionalinfo, labelid, cityid) VALUES ('33337' ,'033' ,'ENKELZIJDIG' ,'Hessenplein (2000)' ,'2' ,'2000' ,'ANTWERPEN' ,POINT(51.2262 ,4.40963) ,'' , NULL, NULL );
INSERT INTO stations (objectid, stationnr,type,street,number,zipcode,district, gpscoord , additionalinfo, labelid, cityid) VALUES ('33338' ,'135' ,'DUBBELZIJDIG' ,'Sint-Aldegondiskaai (2000)' ,'2' ,'2000' ,'ANTWERPEN' ,POINT(51.228 ,4.40221) ,'thv Bonapartedok' , NULL, NULL );
INSERT INTO stations (objectid, stationnr,type,street,number,zipcode,district, gpscoord , additionalinfo, labelid, cityid) VALUES ('33339' ,'045' ,'DUBBELZIJDIG' ,'Oudeleeuwenrui (2000)' ,'2' ,'2000' ,'ANTWERPEN' ,POINT(51.2269 ,4.4055) ,'' , NULL, NULL );
INSERT INTO stations (objectid, stationnr,type,street,number,zipcode,district, gpscoord , additionalinfo, labelid, cityid) VALUES ('33340' ,'134' ,'DUBBELZIJDIG' ,'Godefriduskaai (2000)' ,'' ,'2000' ,'ANTWERPEN' ,POINT(51.2281 ,4.40572) ,'thv oostendekaai' , NULL, NULL );
INSERT INTO stations (objectid, stationnr,type,street,number,zipcode,district, gpscoord , additionalinfo, labelid, cityid) VALUES ('33341' ,'123' ,'ENKELZIJDIG' ,'Viséstraat (2060)' ,'14' ,'2060' ,'ANTWERPEN' ,POINT(51.2291 ,4.42473) ,'' , NULL, NULL );
INSERT INTO stations (objectid, stationnr,type,street,number,zipcode,district, gpscoord , additionalinfo, labelid, cityid) VALUES ('33342' ,'133' ,'ENKELZIJDIG' ,'Entrepotplaats (2000)' ,'1' ,'2000' ,'ANTWERPEN' ,POINT(51.2295 ,4.41138) ,'' , NULL, NULL );
INSERT INTO stations (objectid, stationnr,type,street,number,zipcode,district, gpscoord , additionalinfo, labelid, cityid) VALUES ('33343' ,'124' ,'ENKELZIJDIG' ,'Ellermanstraat (2060)' ,'74' ,'2060' ,'ANTWERPEN' ,POINT(51.2299 ,4.41942) ,'to 74' , NULL, NULL );
INSERT INTO stations (objectid, stationnr,type,street,number,zipcode,district, gpscoord , additionalinfo, labelid, cityid) VALUES ('33344' ,'068' ,'DUBBELZIJDIG' ,'Turnhoutsebaan (2140)' ,'366' ,'2140' ,'BORGERHOUT' ,POINT(51.2145 ,4.44371) ,'thv stenenbrug                 ' , NULL, NULL );
INSERT INTO stations (objectid, stationnr,type,street,number,zipcode,district, gpscoord , additionalinfo, labelid, cityid) VALUES ('33345' ,'062' ,'DUBBELZIJDIG' ,'Lange Lobroekstraat (2060)' ,'220' ,'2060' ,'ANTWERPEN' ,POINT(51.2318 ,4.42699) ,'to' , NULL, NULL );
INSERT INTO stations (objectid, stationnr,type,street,number,zipcode,district, gpscoord , additionalinfo, labelid, cityid) VALUES ('33346' ,'063' ,'ENKELZIJDIG' ,'Lange Lobroekstraat (2060)' ,'93' ,'2060' ,'ANTWERPEN' ,POINT(51.2299 ,4.43167) ,'to' , NULL, NULL );
INSERT INTO stations (objectid, stationnr,type,street,number,zipcode,district, gpscoord , additionalinfo, labelid, cityid) VALUES ('33347' ,'038' ,'ENKELZIJDIG' ,'Pastorijstraat (2060)' ,'28' ,'2060' ,'ANTWERPEN' ,POINT(51.2201 ,4.43266) ,'to' , NULL, NULL );
INSERT INTO stations (objectid, stationnr,type,street,number,zipcode,district, gpscoord , additionalinfo, labelid, cityid) VALUES ('33348' ,'073' ,'DUBBELZIJDIG' ,'Maarschalk Gérardstraat (2000)' ,'25a' ,'2000' ,'ANTWERPEN' ,POINT(51.2123 ,4.40364) ,'' , NULL, NULL );
INSERT INTO stations (objectid, stationnr,type,street,number,zipcode,district, gpscoord , additionalinfo, labelid, cityid) VALUES ('33349' ,'013' ,'DUBBELZIJDIG' ,'Jan Van Rijswijcklaan (2018)' ,'' ,'2018' ,'ANTWERPEN' ,POINT(51.1938 ,4.40228) ,'thv de Singel' , NULL, NULL );
INSERT INTO stations (objectid, stationnr,type,street,number,zipcode,district, gpscoord , additionalinfo, labelid, cityid) VALUES ('33350' ,'048' ,'ENKELZIJDIG' ,'De Keyserlei (2018)' ,'61' ,'2018' ,'ANTWERPEN' ,POINT(51.2173 ,4.42) ,'' , NULL, NULL );
INSERT INTO stations (objectid, stationnr,type,street,number,zipcode,district, gpscoord , additionalinfo, labelid, cityid) VALUES ('33351' ,'136' ,'DUBBELZIJDIG' ,'Hardenvoort (2060)' ,'55-57' ,'2060' ,'ANTWERPEN' ,POINT(51.2314 ,4.42033) ,'' , NULL, NULL );
INSERT INTO stations (objectid, stationnr,type,street,number,zipcode,district, gpscoord , additionalinfo, labelid, cityid) VALUES ('33352' ,'154' ,'ENKELZIJDIG' ,'Statielei (2140)' ,'109' ,'2140' ,'BORGERHOUT' ,POINT(51.219 ,4.44382) ,'' , NULL, NULL );
INSERT INTO stations (objectid, stationnr,type,street,number,zipcode,district, gpscoord , additionalinfo, labelid, cityid) VALUES ('33353' ,'155' ,'DUBBELZIJDIG' ,'Statielei (2140)' ,'' ,'2140' ,'BORGERHOUT' ,POINT(51.2162 ,4.44564) ,'thv K Geertsstraat' , NULL, NULL );
INSERT INTO stations (objectid, stationnr,type,street,number,zipcode,district, gpscoord , additionalinfo, labelid, cityid) VALUES ('33354' ,'157' ,'DUBBELZIJDIG' ,'Binnensingel (2600)' ,'' ,'2600' ,'BERCHEM' ,POINT(51.1926 ,4.42151) ,'aan binnensingel' , NULL, NULL );
INSERT INTO stations (objectid, stationnr,type,street,number,zipcode,district, gpscoord , additionalinfo, labelid, cityid) VALUES ('33355' ,'158' ,'DUBBELZIJDIG' ,'Zuidervelodroom (2018)' ,'55' ,'2018' ,'ANTWERPEN' ,POINT(51.2019 ,4.39835) ,'' , NULL, NULL );
INSERT INTO stations (objectid, stationnr,type,street,number,zipcode,district, gpscoord , additionalinfo, labelid, cityid) VALUES ('33356' ,'159' ,'DUBBELZIJDIG' ,'Boudewijnssteeg (2018)' ,'1' ,'2018' ,'ANTWERPEN' ,POINT(51.2055 ,4.39933) ,'fase 3' , NULL, NULL );
INSERT INTO stations (objectid, stationnr,type,street,number,zipcode,district, gpscoord , additionalinfo, labelid, cityid) VALUES ('33357' ,'160' ,'DUBBELZIJDIG' ,'Brusselstraat (2018)' ,'5' ,'2018' ,'ANTWERPEN' ,POINT(51.2033 ,4.3889) ,'to 5' , NULL, NULL );
INSERT INTO stations (objectid, stationnr,type,street,number,zipcode,district, gpscoord , additionalinfo, labelid, cityid) VALUES ('33358' ,'201' ,'DUBBELZIJDIG' ,'Havanastraat (2030)' ,'1' ,'2030' ,'ANTWERPEN' ,POINT(51.261 ,4.42016) ,'' , NULL, NULL );
INSERT INTO stations (objectid, stationnr,type,street,number,zipcode,district, gpscoord , additionalinfo, labelid, cityid) VALUES ('33359' ,'203' ,'DUBBELZIJDIG' ,'Columbiastraat (2030)' ,'' ,'2030' ,'ANTWERPEN' ,POINT(51.2536 ,4.4232) ,'thv Venezuelastraat' , NULL, NULL );
INSERT INTO stations (objectid, stationnr,type,street,number,zipcode,district, gpscoord , additionalinfo, labelid, cityid) VALUES ('33360' ,'204' ,'DUBBELZIJDIG' ,'Noorderlaan (2030)' ,'104B-104C' ,'2030' ,'ANTWERPEN' ,POINT(51.25 ,4.42089) ,'' , NULL, NULL );
INSERT INTO stations (objectid, stationnr,type,street,number,zipcode,district, gpscoord , additionalinfo, labelid, cityid) VALUES ('33361' ,'205' ,'DUBBELZIJDIG' ,'Groenendaallaan (2030)' ,'397A' ,'2030' ,'ANTWERPEN' ,POINT(51.2448 ,4.41445) ,'' , NULL, NULL );
INSERT INTO stations (objectid, stationnr,type,street,number,zipcode,district, gpscoord , additionalinfo, labelid, cityid) VALUES ('33362' ,'206' ,'ENKELZIJDIG' ,'Bermstraat (2030)' ,'' ,'2030' ,'ANTWERPEN' ,POINT(51.2444 ,4.42314) ,'hoek Groenendaallaan' , NULL, NULL );
INSERT INTO stations (objectid, stationnr,type,street,number,zipcode,district, gpscoord , additionalinfo, labelid, cityid) VALUES ('33363' ,'207' ,'DUBBELZIJDIG' ,'Van Praetlei (2170)' ,'252' ,'2170' ,'MERKSEM' ,POINT(51.2536 ,4.46366) ,'to 252' , NULL, NULL );
INSERT INTO stations (objectid, stationnr,type,street,number,zipcode,district, gpscoord , additionalinfo, labelid, cityid) VALUES ('33364' ,'208' ,'ENKELZIJDIG' ,'Ringlaan (2170)' ,'74' ,'2170' ,'MERKSEM' ,POINT(51.2545 ,4.45439) ,'to 74' , NULL, NULL );
INSERT INTO stations (objectid, stationnr,type,street,number,zipcode,district, gpscoord , additionalinfo, labelid, cityid) VALUES ('33365' ,'209' ,'DUBBELZIJDIG' ,'Korte Bremstraat (2170)' ,'2' ,'2170' ,'MERKSEM' ,POINT(51.2565 ,4.44715) ,'to Laaglandlaan' , NULL, NULL );
INSERT INTO stations (objectid, stationnr,type,street,number,zipcode,district, gpscoord , additionalinfo, labelid, cityid) VALUES ('33366' ,'210' ,'DUBBELZIJDIG' ,'Maantjessteenweg (2170)' ,'175' ,'2170' ,'MERKSEM' ,POINT(51.2553 ,4.43577) ,'' , NULL, NULL );
INSERT INTO stations (objectid, stationnr,type,street,number,zipcode,district, gpscoord , additionalinfo, labelid, cityid) VALUES ('33367' ,'211' ,'DUBBELZIJDIG' ,'Rodeloopstraat (2170)' ,'67' ,'2170' ,'MERKSEM' ,POINT(51.2512 ,4.43727) ,'to 67' , NULL, NULL );
INSERT INTO stations (objectid, stationnr,type,street,number,zipcode,district, gpscoord , additionalinfo, labelid, cityid) VALUES ('33368' ,'212' ,'DUBBELZIJDIG' ,'Rodeloopstraat (2170)' ,'1-3' ,'2170' ,'MERKSEM' ,POINT(51.2509 ,4.44224) ,'to 1-3' , NULL, NULL );
INSERT INTO stations (objectid, stationnr,type,street,number,zipcode,district, gpscoord , additionalinfo, labelid, cityid) VALUES ('33369' ,'213' ,'ENKELZIJDIG' ,'Kroonplein (2170)' ,'28' ,'2170' ,'MERKSEM' ,POINT(51.2515 ,4.44806) ,'to 28' , NULL, NULL );
INSERT INTO stations (objectid, stationnr,type,street,number,zipcode,district, gpscoord , additionalinfo, labelid, cityid) VALUES ('33370' ,'214' ,'DUBBELZIJDIG' ,'Lambrechtshoekenlaan (2170)' ,'133-135' ,'2170' ,'MERKSEM' ,POINT(51.248 ,4.43305) ,'' , NULL, NULL );
INSERT INTO stations (objectid, stationnr,type,street,number,zipcode,district, gpscoord , additionalinfo, labelid, cityid) VALUES ('33371' ,'215' ,'ENKELZIJDIG' ,'Nieuwdreef (2170)' ,'107' ,'2170' ,'MERKSEM' ,POINT(51.2468 ,4.44022) ,'' , NULL, NULL );
INSERT INTO stations (objectid, stationnr,type,street,number,zipcode,district, gpscoord , additionalinfo, labelid, cityid) VALUES ('33372' ,'216' ,'DUBBELZIJDIG' ,'Van Heybeeckstraat (2170)' ,'28' ,'2170' ,'MERKSEM' ,POINT(51.2473 ,4.44892) ,'to 28' , NULL, NULL );
INSERT INTO stations (objectid, stationnr,type,street,number,zipcode,district, gpscoord , additionalinfo, labelid, cityid) VALUES ('33373' ,'217' ,'ENKELZIJDIG' ,'Bredabaan (2170)' ,'768' ,'2170' ,'MERKSEM' ,POINT(51.2491 ,4.45479) ,'to 768' , NULL, NULL );
INSERT INTO stations (objectid, stationnr,type,street,number,zipcode,district, gpscoord , additionalinfo, labelid, cityid) VALUES ('33374' ,'218' ,'DUBBELZIJDIG' ,'Ullenshofstraat (2170)' ,'3' ,'2170' ,'MERKSEM' ,POINT(51.243 ,4.43579) ,'to 3' , NULL, NULL );
INSERT INTO stations (objectid, stationnr,type,street,number,zipcode,district, gpscoord , additionalinfo, labelid, cityid) VALUES ('33375' ,'219' ,'DUBBELZIJDIG' ,'Borrewaterstraat (2170)' ,'8' ,'2170' ,'MERKSEM' ,POINT(51.2422 ,4.44249) ,'' , NULL, NULL );
INSERT INTO stations (objectid, stationnr,type,street,number,zipcode,district, gpscoord , additionalinfo, labelid, cityid) VALUES ('33376' ,'220' ,'DUBBELZIJDIG' ,'Sint-Bartholomeusstraat (2170)' ,'122' ,'2170' ,'MERKSEM' ,POINT(51.2431 ,4.44735) ,'' , NULL, NULL );
INSERT INTO stations (objectid, stationnr,type,street,number,zipcode,district, gpscoord , additionalinfo, labelid, cityid) VALUES ('33377' ,'222' ,'DUBBELZIJDIG' ,'Binnenvaartstraat (2000)' ,'' ,'2000' ,'ANTWERPEN' ,POINT(51.2333 ,4.41386) ,'to Cadixstraat' , NULL, NULL );
INSERT INTO stations (objectid, stationnr,type,street,number,zipcode,district, gpscoord , additionalinfo, labelid, cityid) VALUES ('33378' ,'223' ,'DUBBELZIJDIG' ,'Rijnkaai (2000)' ,'15' ,'2000' ,'ANTWERPEN' ,POINT(51.2334 ,4.40308) ,'' , NULL, NULL );
INSERT INTO stations (objectid, stationnr,type,street,number,zipcode,district, gpscoord , additionalinfo, labelid, cityid) VALUES ('33379' ,'224' ,'DUBBELZIJDIG' ,'Indiëstraat (2000)' ,'3' ,'2030' ,'ANTWERPEN' ,POINT(51.2345 ,4.40982) ,'' , NULL, NULL );
INSERT INTO stations (objectid, stationnr,type,street,number,zipcode,district, gpscoord , additionalinfo, labelid, cityid) VALUES ('33380' ,'225' ,'DUBBELZIJDIG' ,'Verbindingsdok-Oostkaai (2000)' ,'9' ,'2000' ,'ANTWERPEN' ,POINT(51.2306 ,4.40767) ,'to 9' , NULL, NULL );
INSERT INTO stations (objectid, stationnr,type,street,number,zipcode,district, gpscoord , additionalinfo, labelid, cityid) VALUES ('33381' ,'226' ,'DUBBELZIJDIG' ,'Noordschippersdok (2060)' ,'' ,'2060' ,'ANTWERPEN' ,POINT(51.2354 ,4.4271) ,'terug naar Ijzerlaan' , NULL, NULL );
INSERT INTO stations (objectid, stationnr,type,street,number,zipcode,district, gpscoord , additionalinfo, labelid, cityid) VALUES ('33382' ,'227' ,'ENKELZIJDIG' ,'Van Cortbeemdelei (2100)' ,'103-105' ,'2100' ,'DEURNE' ,POINT(51.2329 ,4.44448) ,'to 103 -105' , NULL, NULL );
INSERT INTO stations (objectid, stationnr,type,street,number,zipcode,district, gpscoord , additionalinfo, labelid, cityid) VALUES ('33383' ,'228' ,'ENKELZIJDIG' ,'Van Deynsestraat (2100)' ,'120' ,'2100' ,'DEURNE' ,POINT(51.2298 ,4.45127) ,'to 120' , NULL, NULL );
INSERT INTO stations (objectid, stationnr,type,street,number,zipcode,district, gpscoord , additionalinfo, labelid, cityid) VALUES ('33384' ,'229' ,'DUBBELZIJDIG' ,'Jozef Nellenslei (2100)' ,'26' ,'2100' ,'DEURNE' ,POINT(51.2263 ,4.45195) ,'' , NULL, NULL );
INSERT INTO stations (objectid, stationnr,type,street,number,zipcode,district, gpscoord , additionalinfo, labelid, cityid) VALUES ('33385' ,'230' ,'DUBBELZIJDIG' ,'Bosuil (2100)' ,'80' ,'2100' ,'DEURNE' ,POINT(51.2292 ,4.46203) ,'' , NULL, NULL );
INSERT INTO stations (objectid, stationnr,type,street,number,zipcode,district, gpscoord , additionalinfo, labelid, cityid) VALUES ('33386' ,'231' ,'DUBBELZIJDIG' ,'Gallifortlei (2100)' ,'278' ,'2100' ,'DEURNE' ,POINT(51.2293 ,4.46783) ,'' , NULL, NULL );
INSERT INTO stations (objectid, stationnr,type,street,number,zipcode,district, gpscoord , additionalinfo, labelid, cityid) VALUES ('33387' ,'232' ,'DUBBELZIJDIG' ,'Wim Saerensplein (2100)' ,'25' ,'2100' ,'DEURNE' ,POINT(51.2285 ,4.47856) ,'' , NULL, NULL );
INSERT INTO stations (objectid, stationnr,type,street,number,zipcode,district, gpscoord , additionalinfo, labelid, cityid) VALUES ('33388' ,'233' ,'DUBBELZIJDIG' ,'Gallifortlei (2100)' ,'198' ,'2100' ,'DEURNE' ,POINT(51.2251 ,4.46605) ,'' , NULL, NULL );
INSERT INTO stations (objectid, stationnr,type,street,number,zipcode,district, gpscoord , additionalinfo, labelid, cityid) VALUES ('33389' ,'234' ,'ENKELZIJDIG' ,'Jan Brochovenstraat (2100)' ,'28' ,'2100' ,'DEURNE' ,POINT(51.2222 ,4.46118) ,'' , NULL, NULL );
INSERT INTO stations (objectid, stationnr,type,street,number,zipcode,district, gpscoord , additionalinfo, labelid, cityid) VALUES ('33390' ,'235' ,'DUBBELZIJDIG' ,'Cogelsplein (2100)' ,'19-21' ,'2100' ,'DEURNE' ,POINT(51.2198 ,4.45487) ,'' , NULL, NULL );
INSERT INTO stations (objectid, stationnr,type,street,number,zipcode,district, gpscoord , additionalinfo, labelid, cityid) VALUES ('33391' ,'236' ,'DUBBELZIJDIG' ,'Maurice Dequeeckerplein (2100)' ,'3' ,'2100' ,'DEURNE' ,POINT(51.2192 ,4.46001) ,'to 3' , NULL, NULL );
INSERT INTO stations (objectid, stationnr,type,street,number,zipcode,district, gpscoord , additionalinfo, labelid, cityid) VALUES ('33392' ,'237' ,'DUBBELZIJDIG' ,'Ter Rivierenlaan (2100)' ,'18' ,'2100' ,'DEURNE' ,POINT(51.2205 ,4.4692) ,'' , NULL, NULL );
INSERT INTO stations (objectid, stationnr,type,street,number,zipcode,district, gpscoord , additionalinfo, labelid, cityid) VALUES ('33393' ,'238' ,'ENKELZIJDIG' ,'Ertbruggelaan (2100)' ,'2' ,'2100' ,'DEURNE' ,POINT(51.2237 ,4.47565) ,'' , NULL, NULL );
INSERT INTO stations (objectid, stationnr,type,street,number,zipcode,district, gpscoord , additionalinfo, labelid, cityid) VALUES ('33394' ,'239' ,'ENKELZIJDIG' ,'Ruggeveldlaan (2100)' ,'549' ,'2100' ,'DEURNE' ,POINT(51.2212 ,4.47959) ,'' , NULL, NULL );
INSERT INTO stations (objectid, stationnr,type,street,number,zipcode,district, gpscoord , additionalinfo, labelid, cityid) VALUES ('33395' ,'240' ,'DUBBELZIJDIG' ,'Ruggeveldlaan (2100)' ,'488' ,'2100' ,'DEURNE' ,POINT(51.2176 ,4.4822) ,'naast 488' , NULL, NULL );
INSERT INTO stations (objectid, stationnr,type,street,number,zipcode,district, gpscoord , additionalinfo, labelid, cityid) VALUES ('33396' ,'241' ,'DUBBELZIJDIG' ,'Collegelaan (2140)' ,'42-44' ,'2140' ,'BORGERHOUT' ,POINT(51.2135 ,4.45344) ,'to 42-44' , NULL, NULL );
INSERT INTO stations (objectid, stationnr,type,street,number,zipcode,district, gpscoord , additionalinfo, labelid, cityid) VALUES ('33397' ,'242' ,'DUBBELZIJDIG' ,'Luitenant Lippenslaan (2140)' ,'2' ,'2140' ,'BORGERHOUT' ,POINT(51.2103 ,4.45265) ,'to 2' , NULL, NULL );
INSERT INTO stations (objectid, stationnr,type,street,number,zipcode,district, gpscoord , additionalinfo, labelid, cityid) VALUES ('33398' ,'243' ,'DUBBELZIJDIG' ,'Herentalsebaan (2100)' ,'133' ,'2100' ,'DEURNE' ,POINT(51.2096 ,4.4582) ,'' , NULL, NULL );
INSERT INTO stations (objectid, stationnr,type,street,number,zipcode,district, gpscoord , additionalinfo, labelid, cityid) VALUES ('33399' ,'244' ,'DUBBELZIJDIG' ,'Herentalsebaan (2100)' ,'299' ,'2100' ,'DEURNE' ,POINT(51.2078 ,4.46532) ,'' , NULL, NULL );
INSERT INTO stations (objectid, stationnr,type,street,number,zipcode,district, gpscoord , additionalinfo, labelid, cityid) VALUES ('33400' ,'245' ,'ENKELZIJDIG' ,'Florent Pauwelslei (2100)' ,'1' ,'2100' ,'DEURNE' ,POINT(51.2068 ,4.47132) ,'to 18' , NULL, NULL );
INSERT INTO stations (objectid, stationnr,type,street,number,zipcode,district, gpscoord , additionalinfo, labelid, cityid) VALUES ('33401' ,'246' ,'DUBBELZIJDIG' ,'Arenaplein (2100)' ,'1' ,'2100' ,'DEURNE' ,POINT(51.2071 ,4.45838) ,'to 1' , NULL, NULL );
INSERT INTO stations (objectid, stationnr,type,street,number,zipcode,district, gpscoord , additionalinfo, labelid, cityid) VALUES ('33402' ,'247' ,'ENKELZIJDIG' ,'Luitenant Lippenslaan (2140)' ,'55-59' ,'2140' ,'BORGERHOUT' ,POINT(51.2083 ,4.44597) ,'' , NULL, NULL );
INSERT INTO stations (objectid, stationnr,type,street,number,zipcode,district, gpscoord , additionalinfo, labelid, cityid) VALUES ('33403' ,'248' ,'DUBBELZIJDIG' ,'Berchemlei (2140)' ,'67' ,'2140' ,'BORGERHOUT' ,POINT(51.2059 ,4.44919) ,'to 67 thv De Schans' , NULL, NULL );
INSERT INTO stations (objectid, stationnr,type,street,number,zipcode,district, gpscoord , additionalinfo, labelid, cityid) VALUES ('33404' ,'249' ,'DUBBELZIJDIG' ,'Frans De Vriendtstraat (2140)' ,'61' ,'2140' ,'BORGERHOUT' ,POINT(51.2038 ,4.44422) ,'to 61' , NULL, NULL );
INSERT INTO stations (objectid, stationnr,type,street,number,zipcode,district, gpscoord , additionalinfo, labelid, cityid) VALUES ('33405' ,'250' ,'DUBBELZIJDIG' ,'Diksmuidelaan (2600)' ,'8' ,'2600' ,'BERCHEM' ,POINT(51.2011 ,4.43901) ,'hoek Herculusstraat' , NULL, NULL );
INSERT INTO stations (objectid, stationnr,type,street,number,zipcode,district, gpscoord , additionalinfo, labelid, cityid) VALUES ('33406' ,'251' ,'DUBBELZIJDIG' ,'Arthur Matthyslaan (2140)' ,'76' ,'2140' ,'BORGERHOUT' ,POINT(51.2039 ,4.452) ,'to 76, to Thibautstraat' , NULL, NULL );
INSERT INTO stations (objectid, stationnr,type,street,number,zipcode,district, gpscoord , additionalinfo, labelid, cityid) VALUES ('33407' ,'252' ,'ENKELZIJDIG' ,'Karel De Preterlei (2140)' ,'222' ,'2140' ,'BORGERHOUT' ,POINT(51.2001 ,4.45025) ,'to 222' , NULL, NULL );
INSERT INTO stations (objectid, stationnr,type,street,number,zipcode,district, gpscoord , additionalinfo, labelid, cityid) VALUES ('33408' ,'253' ,'ENKELZIJDIG' ,'Vosstraat (2140)' ,'19' ,'2140' ,'BORGERHOUT' ,POINT(51.1981 ,4.4533) ,'' , NULL, NULL );
INSERT INTO stations (objectid, stationnr,type,street,number,zipcode,district, gpscoord , additionalinfo, labelid, cityid) VALUES ('33409' ,'254' ,'DUBBELZIJDIG' ,'Boekenberglei (2100)' ,'189' ,'2100' ,'DEURNE' ,POINT(51.1976 ,4.45957) ,'' , NULL, NULL );
INSERT INTO stations (objectid, stationnr,type,street,number,zipcode,district, gpscoord , additionalinfo, labelid, cityid) VALUES ('33410' ,'255' ,'ENKELZIJDIG' ,'Van den Hautelei (2100)' ,'90' ,'2100' ,'DEURNE' ,POINT(51.2042 ,4.4676) ,'to 90' , NULL, NULL );
INSERT INTO stations (objectid, stationnr,type,street,number,zipcode,district, gpscoord , additionalinfo, labelid, cityid) VALUES ('33411' ,'256' ,'ENKELZIJDIG' ,'Helderstraat (2600)' ,'59' ,'2600' ,'BERCHEM' ,POINT(51.1955 ,4.44222) ,'' , NULL, NULL );
INSERT INTO stations (objectid, stationnr,type,street,number,zipcode,district, gpscoord , additionalinfo, labelid, cityid) VALUES ('33412' ,'257' ,'ENKELZIJDIG' ,'Hofstadestraat (2600)' ,'' ,'2600' ,'BERCHEM' ,POINT(51.1923 ,4.44878) ,'hoek Klerkenstraat' , NULL, NULL );
INSERT INTO stations (objectid, stationnr,type,street,number,zipcode,district, gpscoord , additionalinfo, labelid, cityid) VALUES ('33413' ,'258' ,'ENKELZIJDIG' ,'Lodewijk Van Berckenlaan (2140)' ,'127' ,'2600' ,'BERCHEM' ,POINT(51.1975 ,4.44391) ,'to 127' , NULL, NULL );
INSERT INTO stations (objectid, stationnr,type,street,number,zipcode,district, gpscoord , additionalinfo, labelid, cityid) VALUES ('33414' ,'259' ,'DUBBELZIJDIG' ,'Posthofbrug (2600)' ,'' ,'2600' ,'BERCHEM' ,POINT(51.1934 ,4.43701) ,'thv Arbeidersstraat' , NULL, NULL );
INSERT INTO stations (objectid, stationnr,type,street,number,zipcode,district, gpscoord , additionalinfo, labelid, cityid) VALUES ('33415' ,'260' ,'ENKELZIJDIG' ,'Hof ter Schriecklaan (2600)' ,'1' ,'2600' ,'BERCHEM' ,POINT(51.1897 ,4.42168) ,'' , NULL, NULL );
INSERT INTO stations (objectid, stationnr,type,street,number,zipcode,district, gpscoord , additionalinfo, labelid, cityid) VALUES ('33416' ,'261' ,'DUBBELZIJDIG' ,'Henri Prostlaan (2600)' ,'5' ,'2600' ,'BERCHEM' ,POINT(51.1887 ,4.42955) ,'eind vd keerlus' , NULL, NULL );
INSERT INTO stations (objectid, stationnr,type,street,number,zipcode,district, gpscoord , additionalinfo, labelid, cityid) VALUES ('33417' ,'262' ,'DUBBELZIJDIG' ,'Rooi (2600)' ,'' ,'2600' ,'BERCHEM' ,POINT(51.1893 ,4.43551) ,'thv Achtersteveld' , NULL, NULL );
INSERT INTO stations (objectid, stationnr,type,street,number,zipcode,district, gpscoord , additionalinfo, labelid, cityid) VALUES ('33418' ,'263' ,'ENKELZIJDIG' ,'Fruithoflaan (2600)' ,'85' ,'2600' ,'BERCHEM' ,POINT(51.1845 ,4.44086) ,'to 85 middenberm' , NULL, NULL );
INSERT INTO stations (objectid, stationnr,type,street,number,zipcode,district, gpscoord , additionalinfo, labelid, cityid) VALUES ('33419' ,'264' ,'DUBBELZIJDIG' ,'Filip Williotstraat (2600)' ,'11' ,'2600' ,'BERCHEM' ,POINT(51.1876 ,4.43516) ,'' , NULL, NULL );
INSERT INTO stations (objectid, stationnr,type,street,number,zipcode,district, gpscoord , additionalinfo, labelid, cityid) VALUES ('33420' ,'265' ,'DUBBELZIJDIG' ,'Pulhoflaan (2600)' ,'' ,'2600' ,'BERCHEM' ,POINT(51.1852 ,4.432) ,'thv Lappersbrug' , NULL, NULL );
INSERT INTO stations (objectid, stationnr,type,street,number,zipcode,district, gpscoord , additionalinfo, labelid, cityid) VALUES ('33421' ,'266' ,'ENKELZIJDIG' ,'Fruithoflaan (2600)' ,'3-5' ,'2600' ,'BERCHEM' ,POINT(51.1808 ,4.43482) ,'to 3-5' , NULL, NULL );
INSERT INTO stations (objectid, stationnr,type,street,number,zipcode,district, gpscoord , additionalinfo, labelid, cityid) VALUES ('33422' ,'267' ,'DUBBELZIJDIG' ,'Prins Leopoldlaan (2600)' ,'36' ,'2600' ,'BERCHEM' ,POINT(51.1858 ,4.42335) ,'to 36 od hoek' , NULL, NULL );
INSERT INTO stations (objectid, stationnr,type,street,number,zipcode,district, gpscoord , additionalinfo, labelid, cityid) VALUES ('33423' ,'268' ,'ENKELZIJDIG' ,'Lindendreef (2020)' ,'' ,'2020' ,'ANTWERPEN' ,POINT(51.183 ,4.41848) ,'' , NULL, NULL );
INSERT INTO stations (objectid, stationnr,type,street,number,zipcode,district, gpscoord , additionalinfo, labelid, cityid) VALUES ('33424' ,'269' ,'DUBBELZIJDIG' ,'Troyentenhoflaan (2600)' ,'120-122' ,'2600' ,'BERCHEM' ,POINT(51.1831 ,4.42438) ,'' , NULL, NULL );
INSERT INTO stations (objectid, stationnr,type,street,number,zipcode,district, gpscoord , additionalinfo, labelid, cityid) VALUES ('33425' ,'270' ,'ENKELZIJDIG' ,'Eglantierlaan (2610)' ,'1' ,'2020' ,'ANTWERPEN' ,POINT(51.1864 ,4.4041) ,'' , NULL, NULL );
INSERT INTO stations (objectid, stationnr,type,street,number,zipcode,district, gpscoord , additionalinfo, labelid, cityid) VALUES ('33426' ,'271' ,'DUBBELZIJDIG' ,'Beukenlaan (2020)' ,'24' ,'2020' ,'ANTWERPEN' ,POINT(51.1808 ,4.40905) ,'to 24 hoek Middelheimlaan' , NULL, NULL );
INSERT INTO stations (objectid, stationnr,type,street,number,zipcode,district, gpscoord , additionalinfo, labelid, cityid) VALUES ('33427' ,'272' ,'ENKELZIJDIG' ,'Groenenborgerlaan (2020)' ,'199' ,'2020' ,'ANTWERPEN' ,POINT(51.1778 ,4.42165) ,'' , NULL, NULL );
INSERT INTO stations (objectid, stationnr,type,street,number,zipcode,district, gpscoord , additionalinfo, labelid, cityid) VALUES ('33428' ,'273' ,'ENKELZIJDIG' ,'Oosterveldlaan (2610)' ,'8' ,'2610' ,'WILRIJK' ,POINT(51.1758 ,4.41299) ,'to 8' , NULL, NULL );
INSERT INTO stations (objectid, stationnr,type,street,number,zipcode,district, gpscoord , additionalinfo, labelid, cityid) VALUES ('33429' ,'274' ,'DUBBELZIJDIG' ,'Bist (2610)' ,'' ,'2610' ,'WILRIJK' ,POINT(51.1705 ,4.39471) ,'' , NULL, NULL );
INSERT INTO stations (objectid, stationnr,type,street,number,zipcode,district, gpscoord , additionalinfo, labelid, cityid) VALUES ('33430' ,'275' ,'DUBBELZIJDIG' ,'Groenenborgerlaan (2610)' ,'17' ,'2610' ,'WILRIJK' ,POINT(51.1744 ,4.40329) ,'' , NULL, NULL );
INSERT INTO stations (objectid, stationnr,type,street,number,zipcode,district, gpscoord , additionalinfo, labelid, cityid) VALUES ('33431' ,'276' ,'DUBBELZIJDIG' ,'Kruishofstraat (2610)' ,'140' ,'2610' ,'WILRIJK' ,POINT(51.1836 ,4.39404) ,'to 140' , NULL, NULL );
INSERT INTO stations (objectid, stationnr,type,street,number,zipcode,district, gpscoord , additionalinfo, labelid, cityid) VALUES ('33432' ,'277' ,'ENKELZIJDIG' ,'Ahornenlaan (2020)' ,'1' ,'2610' ,'WILRIJK' ,POINT(51.1771 ,4.39978) ,'' , NULL, NULL );
INSERT INTO stations (objectid, stationnr,type,street,number,zipcode,district, gpscoord , additionalinfo, labelid, cityid) VALUES ('33433' ,'278' ,'DUBBELZIJDIG' ,'Oversneslaan (2610)' ,'54' ,'2610' ,'WILRIJK' ,POINT(51.1654 ,4.39391) ,'' , NULL, NULL );
INSERT INTO stations (objectid, stationnr,type,street,number,zipcode,district, gpscoord , additionalinfo, labelid, cityid) VALUES ('33434' ,'279' ,'DUBBELZIJDIG' ,'Doornstraat (2610)' ,'2' ,'2610' ,'WILRIJK' ,POINT(51.1682 ,4.39448) ,'naast 2' , NULL, NULL );
INSERT INTO stations (objectid, stationnr,type,street,number,zipcode,district, gpscoord , additionalinfo, labelid, cityid) VALUES ('33435' ,'280' ,'DUBBELZIJDIG' ,'Bosheidelaan (2610)' ,'' ,'2610' ,'WILRIJK' ,POINT(51.1767 ,4.3824) ,'hoek Rooiboslaan' , NULL, NULL );
INSERT INTO stations (objectid, stationnr,type,street,number,zipcode,district, gpscoord , additionalinfo, labelid, cityid) VALUES ('33436' ,'281' ,'DUBBELZIJDIG' ,'Hof Van Tichelen (2020)' ,'30' ,'2020' ,'ANTWERPEN' ,POINT(51.1825 ,4.38536) ,'naast 30' , NULL, NULL );
INSERT INTO stations (objectid, stationnr,type,street,number,zipcode,district, gpscoord , additionalinfo, labelid, cityid) VALUES ('33437' ,'282' ,'DUBBELZIJDIG' ,'Letterkundestraat (2610)' ,'59-63' ,'2610' ,'WILRIJK' ,POINT(51.1803 ,4.38104) ,'basis school de letter' , NULL, NULL );
INSERT INTO stations (objectid, stationnr,type,street,number,zipcode,district, gpscoord , additionalinfo, labelid, cityid) VALUES ('33438' ,'283' ,'DUBBELZIJDIG' ,'Hollebeekstraat (2660)' ,'25-27' ,'2660' ,'HOBOKEN' ,POINT(51.1817 ,4.37195) ,'to 25-27' , NULL, NULL );
INSERT INTO stations (objectid, stationnr,type,street,number,zipcode,district, gpscoord , additionalinfo, labelid, cityid) VALUES ('33439' ,'284' ,'DUBBELZIJDIG' ,'Steynstraat (2660)' ,'297-299' ,'2660' ,'HOBOKEN' ,POINT(51.1833 ,4.36419) ,'' , NULL, NULL );
INSERT INTO stations (objectid, stationnr,type,street,number,zipcode,district, gpscoord , additionalinfo, labelid, cityid) VALUES ('33440' ,'286' ,'ENKELZIJDIG' ,'Berkenrodelei (2660)' ,'150' ,'2660' ,'HOBOKEN' ,POINT(51.1826 ,4.34826) ,'naast 150' , NULL, NULL );
INSERT INTO stations (objectid, stationnr,type,street,number,zipcode,district, gpscoord , additionalinfo, labelid, cityid) VALUES ('33441' ,'287' ,'DUBBELZIJDIG' ,'Berkenrodelei (2660)' ,'2' ,'2660' ,'HOBOKEN' ,POINT(51.1778 ,4.35006) ,'' , NULL, NULL );
INSERT INTO stations (objectid, stationnr,type,street,number,zipcode,district, gpscoord , additionalinfo, labelid, cityid) VALUES ('33442' ,'288' ,'DUBBELZIJDIG' ,'Draaiboomstraat (2660)' ,'44' ,'2660' ,'HOBOKEN' ,POINT(51.1773 ,4.35983) ,'to 44' , NULL, NULL );
INSERT INTO stations (objectid, stationnr,type,street,number,zipcode,district, gpscoord , additionalinfo, labelid, cityid) VALUES ('33443' ,'289' ,'DUBBELZIJDIG' ,'Walstraat (2660)' ,'5-7' ,'2660' ,'HOBOKEN' ,POINT(51.1735 ,4.35216) ,'to 5-7' , NULL, NULL );
INSERT INTO stations (objectid, stationnr,type,street,number,zipcode,district, gpscoord , additionalinfo, labelid, cityid) VALUES ('33444' ,'290' ,'DUBBELZIJDIG' ,'Sint-Bernardsesteenweg (2660)' ,'886' ,'2660' ,'HOBOKEN' ,POINT(51.1762 ,4.36779) ,'to 886' , NULL, NULL );
INSERT INTO stations (objectid, stationnr,type,street,number,zipcode,district, gpscoord , additionalinfo, labelid, cityid) VALUES ('33445' ,'291' ,'DUBBELZIJDIG' ,'Maurits Sabbelaan (2020)' ,'16-18' ,'2020' ,'ANTWERPEN' ,POINT(51.1886 ,4.37268) ,'to 16-18' , NULL, NULL );
INSERT INTO stations (objectid, stationnr,type,street,number,zipcode,district, gpscoord , additionalinfo, labelid, cityid) VALUES ('33446' ,'292' ,'DUBBELZIJDIG' ,'Jacob le Mairestraat (2020)' ,'8' ,'2020' ,'ANTWERPEN' ,POINT(51.1907 ,4.38098) ,'naast 8 aan keerlus' , NULL, NULL );
INSERT INTO stations (objectid, stationnr,type,street,number,zipcode,district, gpscoord , additionalinfo, labelid, cityid) VALUES ('33447' ,'293' ,'ENKELZIJDIG' ,'Pol de Montstraat (2020)' ,'10' ,'2020' ,'ANTWERPEN' ,POINT(51.1884 ,4.39092) ,'to 10 oh plein' , NULL, NULL );
INSERT INTO stations (objectid, stationnr,type,street,number,zipcode,district, gpscoord , additionalinfo, labelid, cityid) VALUES ('33448' ,'294' ,'ENKELZIJDIG' ,'Valerius De Saedeleerstraat (2020)' ,'2' ,'2020' ,'ANTWERPEN' ,POINT(51.1911 ,4.37683) ,'to 2' , NULL, NULL );
INSERT INTO stations (objectid, stationnr,type,street,number,zipcode,district, gpscoord , additionalinfo, labelid, cityid) VALUES ('33449' ,'295' ,'ENKELZIJDIG' ,'Emiel Vloorsstraat (2660)' ,'' ,'2020' ,'ANTWERPEN' ,POINT(51.1943 ,4.37933) ,'hoek August Leysweg' , NULL, NULL );
INSERT INTO stations (objectid, stationnr,type,street,number,zipcode,district, gpscoord , additionalinfo, labelid, cityid) VALUES ('33450' ,'296' ,'DUBBELZIJDIG' ,'Eric Sasselaan (2020)' ,'69' ,'2020' ,'ANTWERPEN' ,POINT(51.1941 ,4.39307) ,'to 69' , NULL, NULL );
INSERT INTO stations (objectid, stationnr,type,street,number,zipcode,district, gpscoord , additionalinfo, labelid, cityid) VALUES ('33451' ,'297' ,'DUBBELZIJDIG' ,'Jan De Voslei (2020)' ,'' ,'2020' ,'ANTWERPEN' ,POINT(51.1907 ,4.3889) ,'thv C Huysmanslaan' , NULL, NULL );
INSERT INTO stations (objectid, stationnr,type,street,number,zipcode,district, gpscoord , additionalinfo, labelid, cityid) VALUES ('33452' ,'298' ,'ENKELZIJDIG' ,'Valkstraat (2610)' ,'' ,'2610' ,'WILRIJK' ,POINT(51.1719 ,4.38248) ,'thv Gaston Fabrelaan' , NULL, NULL );
INSERT INTO stations (objectid, stationnr,type,street,number,zipcode,district, gpscoord , additionalinfo, labelid, cityid) VALUES ('33453' ,'299' ,'ENKELZIJDIG' ,'Camille Huysmanslaan (2020)' ,'' ,'2020' ,'ANTWERPEN' ,POINT(51.192 ,4.39806) ,'thv J V Rijswijcklaan' , NULL, NULL );
INSERT INTO stations (objectid, stationnr,type,street,number,zipcode,district, gpscoord , additionalinfo, labelid, cityid) VALUES ('33454' ,'300' ,'DUBBELZIJDIG' ,'Vogelzanglaan (2020)' ,'' ,'2020' ,'ANTWERPEN' ,POINT(51.1894 ,4.39731) ,'thv voetbalveld' , NULL, NULL );
INSERT INTO stations (objectid, stationnr,type,street,number,zipcode,district, gpscoord , additionalinfo, labelid, cityid) VALUES ('33455' ,'301' ,'DUBBELZIJDIG' ,'Luchthavenlei (2100)' ,'1' ,'2100' ,'DEURNE' ,POINT(51.1888 ,4.45034) ,'Op de parking van de luchthaven' , NULL, NULL );
INSERT INTO stations (objectid, stationnr,type,street,number,zipcode,district, gpscoord , additionalinfo, labelid, cityid) VALUES ('33456' ,'302' ,'DUBBELZIJDIG' ,'Rozenkransplein (2610)' ,'11' ,'2610' ,'WILRIJK' ,POINT(51.1791 ,4.39045) ,'to 11 oh plein' , NULL, NULL );
INSERT INTO stations (objectid, stationnr,type,street,number,zipcode,district, gpscoord , additionalinfo, labelid, cityid) VALUES ('33457' ,'285' ,'ENKELZIJDIG' ,'Commandant Weynsstraat (2660)' ,'' ,'2660' ,'HOBOKEN' ,POINT(51.1839 ,4.35286) ,'' , NULL, NULL );
INSERT INTO stations (objectid, stationnr,type,street,number,zipcode,district, gpscoord , additionalinfo, labelid, cityid) VALUES ('33458' ,'221' ,'ENKELZIJDIG' ,'Mexicostraat (2030)' ,'thv 37' ,'2030' ,'ANTWERPEN' ,POINT(51.2402 ,4.40841) ,'nieuw havenhuis' , NULL, NULL );
INSERT INTO stations (objectid, stationnr,type,street,number,zipcode,district, gpscoord , additionalinfo, labelid, cityid) VALUES ('33459' ,'303' ,'ENKELZIJDIG' ,'Kambalastraat (2030)' ,'2' ,'2030' ,'ANTWERPEN' ,POINT(51.238 ,4.41024) ,'' , NULL, NULL );
INSERT INTO stations (objectid, stationnr,type,street,number,zipcode,district, gpscoord , additionalinfo, labelid, cityid) VALUES ('33460' ,'304' ,'DUBBELZIJDIG' ,'Campiniastraat (2170)' ,'50' ,'2170' ,'MERKSEM' ,POINT(51.2401 ,4.43409) ,'' , NULL, NULL );
INSERT INTO stations (objectid, stationnr,type,street,number,zipcode,district, gpscoord , additionalinfo, labelid, cityid) VALUES ('33461' ,'156' ,'DUBBELZIJDIG' ,'Van Kerckhovenstraat (2060)' ,'74' ,'2060' ,'ANTWERPEN' ,POINT(51.226 ,4.42556) ,'' , NULL, NULL );
INSERT INTO stations (objectid, stationnr,type,street,number,zipcode,district, gpscoord , additionalinfo, labelid, cityid) VALUES ('33462' ,'161' ,'DUBBELZIJDIG' ,'Lange Leemstraat (2018)' ,'' ,'2018' ,'ANTWERPEN' ,POINT(51.2037 ,4.42545) ,'' , NULL, NULL );
INSERT INTO stations (objectid, stationnr,type,street,number,zipcode,district, gpscoord , additionalinfo, labelid, cityid) VALUES ('33463' ,'305' ,'DUBBELZIJDIG' ,'Ter Nieuwerbrugge (2600)' ,'3' ,'2600' ,'BERCHEM' ,POINT(51.1913 ,4.44356) ,'' , NULL, NULL );
INSERT INTO stations (objectid, stationnr,type,street,number,zipcode,district, gpscoord , additionalinfo, labelid, cityid) VALUES ('33464' ,'307' ,'DUBBELZIJDIG' ,'Baron Sadoinestraat (2660)' ,'26' ,'2660' ,'HOBOKEN' ,POINT(51.1721 ,4.33814) ,'' , NULL, NULL );
INSERT INTO stations (objectid, stationnr,type,street,number,zipcode,district, gpscoord , additionalinfo, labelid, cityid) VALUES ('33465' ,'308' ,'ENKELZIJDIG' ,'Majoor Maelfaitplein (2660)' ,'15' ,'2660' ,'HOBOKEN' ,POINT(51.1711 ,4.36724) ,'langsheen het plein' , NULL, NULL );
INSERT INTO stations (objectid, stationnr,type,street,number,zipcode,district, gpscoord , additionalinfo, labelid, cityid) VALUES ('33466' ,'309' ,'DUBBELZIJDIG' ,'Paul Henri Spaaklaan (2660)' ,'2' ,'2660' ,'HOBOKEN' ,POINT(51.1709 ,4.34951) ,'' , NULL, NULL );
INSERT INTO stations (objectid, stationnr,type,street,number,zipcode,district, gpscoord , additionalinfo, labelid, cityid) VALUES ('33467' ,'310' ,'DUBBELZIJDIG' ,'Krijgsbaan (2660)' ,'20' ,'2660' ,'HOBOKEN' ,POINT(51.1672 ,4.35358) ,'' , NULL, NULL );
INSERT INTO stations (objectid, stationnr,type,street,number,zipcode,district, gpscoord , additionalinfo, labelid, cityid) VALUES ('33468' ,'311' ,'ENKELZIJDIG' ,'Cockerillplaats (2660)' ,'12-14' ,'2660' ,'HOBOKEN' ,POINT(51.1748 ,4.34418) ,'to 12-14' , NULL, NULL );
INSERT INTO stations (objectid, stationnr,type,street,number,zipcode,district, gpscoord , additionalinfo, labelid, cityid) VALUES ('33469' ,'312' ,'ENKELZIJDIG' ,'Graspolderlaan (2660)' ,'15-21' ,'2660' ,'HOBOKEN' ,POINT(51.1848 ,4.34237) ,'' , NULL, NULL );
INSERT INTO stations (objectid, stationnr,type,street,number,zipcode,district, gpscoord , additionalinfo, labelid, cityid) VALUES ('33470' ,'314' ,'DUBBELZIJDIG' ,'Sint Bernaardsestwg' ,'847' ,'2660' ,'HOBOKEN' ,POINT(51.1691 ,4.36335) ,'' , NULL, NULL );
INSERT INTO stations (objectid, stationnr,type,street,number,zipcode,district, gpscoord , additionalinfo, labelid, cityid) VALUES ('33471' ,'320' ,'ENKELZIJDIG' ,'Den Brem (2610)' ,'91' ,'2610' ,'WILRIJK' ,POINT(51.174 ,4.37551) ,'' , NULL, NULL );
INSERT INTO stations (objectid, stationnr,type,street,number,zipcode,district, gpscoord , additionalinfo, labelid, cityid) VALUES ('33472' ,'163' ,'DUBBELZIJDIG' ,'Galgenweellaan (2050)' ,'70' ,'2050' ,'ANTWERPEN' ,POINT(51.2175 ,4.3779) ,'' , NULL, NULL );
INSERT INTO stations (objectid, stationnr,type,street,number,zipcode,district, gpscoord , additionalinfo, labelid, cityid) VALUES ('33473' ,'317' ,'ENKELZIJDIG' ,'Ganzemate (2170)' ,'' ,'2170' ,'MERKSEM' ,POINT(51.2521 ,4.43299) ,'' , NULL, NULL );
INSERT INTO stations (objectid, stationnr,type,street,number,zipcode,district, gpscoord , additionalinfo, labelid, cityid) VALUES ('33474' ,'316' ,'DUBBELZIJDIG' ,'Dokter Emiel Van Dammestraat (2660)' ,'28' ,'2660' ,'HOBOKEN' ,POINT(51.1818 ,4.35811) ,'' , NULL, NULL );
INSERT INTO stations (objectid, stationnr,type,street,number,zipcode,district, gpscoord , additionalinfo, labelid, cityid) VALUES ('33475' ,'322' ,'ENKELZIJDIG' ,'Malisgoed (2610)' ,'7' ,'2610' ,'WILRIJK' ,POINT(51.1669 ,4.38198) ,'' , NULL, NULL );
INSERT INTO stations (objectid, stationnr,type,street,number,zipcode,district, gpscoord , additionalinfo, labelid, cityid) VALUES ('33476' ,'321' ,'DUBBELZIJDIG' ,'Monnikenplein (2610)' ,'1' ,'2610' ,'WILRIJK' ,POINT(51.1751 ,4.4302) ,'' , NULL, NULL );
INSERT INTO stations (objectid, stationnr,type,street,number,zipcode,district, gpscoord , additionalinfo, labelid, cityid) VALUES ('33477' ,'162' ,'DUBBELZIJDIG' ,'Blancefloerlaan (2050)' ,'7272' ,'2050' ,'ANTWERPEN' ,POINT(51.2199 ,4.3686) ,'' , NULL, NULL );
INSERT INTO stations (objectid, stationnr,type,street,number,zipcode,district, gpscoord , additionalinfo, labelid, cityid) VALUES ('33478' ,'325' ,'DUBBELZIJDIG' ,'Paul Vekemanslaan (2660)' ,'18' ,'2660' ,'HOBOKEN' ,POINT(51.1749 ,4.35996) ,'' , NULL, NULL );
INSERT INTO stations (objectid, stationnr,type,street,number,zipcode,district, gpscoord , additionalinfo, labelid, cityid) VALUES ('33479' ,'326' ,'DUBBELZIJDIG' ,'Krugerbrug (2660)' ,'' ,'2660' ,'HOBOKEN' ,POINT(51.1875 ,4.36347) ,'' , NULL, NULL );
INSERT INTO stations (objectid, stationnr,type,street,number,zipcode,district, gpscoord , additionalinfo, labelid, cityid) VALUES ('33480' ,'327' ,'DUBBELZIJDIG' ,'Ridderveld (2610)' ,'7' ,'2610' ,'WILRIJK' ,POINT(51.1772 ,4.3748) ,'' , NULL, NULL );
INSERT INTO stations (objectid, stationnr,type,street,number,zipcode,district, gpscoord , additionalinfo, labelid, cityid) VALUES ('33481' ,'328' ,'DUBBELZIJDIG' ,'Schotensesteenweg (2100)' ,'5' ,'2100' ,'DEURNE' ,POINT(51.2191 ,4.47516) ,'' , NULL, NULL );
INSERT INTO stations (objectid, stationnr,type,street,number,zipcode,district, gpscoord , additionalinfo, labelid, cityid) VALUES ('33482' ,'323' ,'ENKELZIJDIG' ,'Oosterveldlaan (2610)' ,'24' ,'2610' ,'WILRIJK' ,POINT(51.1753 ,4.41892) ,'' , NULL, NULL );
INSERT INTO stations (objectid, stationnr,type,street,number,zipcode,district, gpscoord , additionalinfo, labelid, cityid) VALUES ('33483' ,'324' ,'DUBBELZIJDIG' ,'Dordrechtlaan' ,'2' ,'2100' ,'DEURNE' ,POINT(51.2043 ,4.46122) ,'' , NULL, NULL );
INSERT INTO stations (objectid, stationnr,type,street,number,zipcode,district, gpscoord , additionalinfo, labelid, cityid) VALUES ('33484' ,'329' ,'ENKELZIJDIG' ,'Prosper de Witstraat' ,'5' ,'2100' ,'DEURNE' ,POINT(51.2259 ,4.4708) ,'' , NULL, NULL );
INSERT INTO stations (objectid, stationnr,type,street,number,zipcode,district, gpscoord , additionalinfo, labelid, cityid) VALUES ('33485' ,'330' ,'ENKELZIJDIG' ,'Meerlenhoflaan (2660)' ,'32' ,'2660' ,'HOBOKEN' ,POINT(51.1722 ,4.35628) ,'ingang park' , NULL, NULL );
INSERT INTO stations (objectid, stationnr,type,street,number,zipcode,district, gpscoord , additionalinfo, labelid, cityid) VALUES ('33486' ,'331' ,'DUBBELZIJDIG' ,'Zaatlaan (2660)' ,'6' ,'2660' ,'HOBOKEN' ,POINT(51.1756 ,4.33867) ,'' , NULL, NULL );
INSERT INTO stations (objectid, stationnr,type,street,number,zipcode,district, gpscoord , additionalinfo, labelid, cityid) VALUES ('33487' ,'332' ,'DUBBELZIJDIG' ,'Michel Geysemansstraat (2610)' ,'10' ,'2610' ,'WILRIJK' ,POINT(51.1674 ,4.3854) ,'' , NULL, NULL );
INSERT INTO stations (objectid, stationnr,type,street,number,zipcode,district, gpscoord , additionalinfo, labelid, cityid) VALUES ('33488' ,'333' ,'ENKELZIJDIG' ,'Frans Adriaenssensstraat (2170)' ,'123' ,'2170' ,'MERKSEM' ,POINT(51.2545 ,4.44178) ,'joma basisschool' , NULL, NULL );
INSERT INTO stations (objectid, stationnr,type,street,number,zipcode,district, gpscoord , additionalinfo, labelid, cityid) VALUES ('33489' ,'335' ,'ENKELZIJDIG' ,'Speelpleinstraat (2170)' ,'' ,'2170' ,'MERKSEM' ,POINT(51.2483 ,4.44443) ,'' , NULL, NULL );
INSERT INTO stations (objectid, stationnr,type,street,number,zipcode,district, gpscoord , additionalinfo, labelid, cityid) VALUES ('33490' ,'340' ,'DUBBELZIJDIG' ,'Dokter Donnyplein (2610)' ,'1' ,'2610' ,'WILRIJK' ,POINT(51.1682 ,4.40495) ,'' , NULL, NULL );
INSERT INTO stations (objectid, stationnr,type,street,number,zipcode,district, gpscoord , additionalinfo, labelid, cityid) VALUES ('33491' ,'334' ,'ENKELZIJDIG' ,'August Van de Wielelei (2100)' ,'136' ,'2100' ,'DEURNE' ,POINT(51.2198 ,4.48293) ,'' , NULL, NULL );
INSERT INTO stations (objectid, stationnr,type,street,number,zipcode,district, gpscoord , additionalinfo, labelid, cityid) VALUES ('33492' ,'336' ,'DUBBELZIJDIG' ,'Sneeuwbeslaan (2610)' ,'' ,'2610' ,'WILRIJK' ,POINT(51.1756 ,4.39609) ,'Hoek met Laarstraat' , NULL, NULL );
INSERT INTO stations (objectid, stationnr,type,street,number,zipcode,district, gpscoord , additionalinfo, labelid, cityid) VALUES ('33493' ,'337' ,'ENKELZIJDIG' ,'Verenigde Natieslaan (2660)' ,'168' ,'2660' ,'HOBOKEN' ,POINT(51.1638 ,4.35336) ,'' , NULL, NULL );
INSERT INTO stations (objectid, stationnr,type,street,number,zipcode,district, gpscoord , additionalinfo, labelid, cityid) VALUES ('33495' ,'313' ,'ONTBREKEND' ,'Eksterlaar (2100)' ,'' ,'2100' ,'DEURNE' ,POINT(51.2005 ,4.47025) ,'' , NULL, NULL );
INSERT INTO stations (objectid, stationnr,type,street,number,zipcode,district, gpscoord , additionalinfo, labelid, cityid) VALUES ('33497' ,'319' ,'DUBBELZIJDIG' ,'Schaliemolenstraat (2610)' ,'2' ,'2610' ,'WILRIJK' ,POINT(51.1728 ,4.40523) ,'to 2 od groenzone' , NULL, NULL );
INSERT INTO stations (objectid, stationnr,type,street,number,zipcode,district, gpscoord , additionalinfo, labelid, cityid) VALUES ('33498' ,'341' ,'DUBBELZIJDIG' ,'Kempenstraat (2030)' ,'' ,'2030' ,'ANTWERPEN' ,POINT(51.2316 ,4.41631) ,'' , NULL, NULL );
INSERT INTO stations (objectid, stationnr,type,street,number,zipcode,district, gpscoord , additionalinfo, labelid, cityid) VALUES ('33499' ,'342' ,'DUBBELZIJDIG' ,'Jos Smolderenstraat (2000)' ,'' ,'2000' ,'ANTWERPEN' ,POINT(51.2061 ,4.38338) ,'' , NULL, NULL );
INSERT INTO stations (objectid, stationnr,type,street,number,zipcode,district, gpscoord , additionalinfo, labelid, cityid) VALUES ('33500' ,'164' ,'DUBBELZIJDIG' ,'Ellermanstraat (2060)' ,'' ,'2060' ,'ANTWERPEN' ,POINT(51.23 ,4.41506) ,'' , NULL, NULL );
INSERT INTO stations (objectid, stationnr,type,street,number,zipcode,district, gpscoord , additionalinfo, labelid, cityid) VALUES ('33501' ,'167' ,'DUBBELZIJDIG' ,'Italiëlei (2000)' ,'' ,'2000' ,'ANTWERPEN' ,POINT(51.2286 ,4.41331) ,'' , NULL, NULL );
INSERT INTO stations (objectid, stationnr,type,street,number,zipcode,district, gpscoord , additionalinfo, labelid, cityid) VALUES ('33502' ,'166' ,'ENKELZIJDIG' ,'Schoenmarkt (2000)' ,'' ,'2000' ,'ANTWERPEN' ,POINT(51.2183 ,4.4029) ,'' , NULL, NULL );
INSERT INTO stations (objectid, stationnr,type,street,number,zipcode,district, gpscoord , additionalinfo, labelid, cityid) VALUES ('33503' ,'171' ,'ENKELZIJDIG' ,'Koningin Astridplein (2018)' ,'' ,'2018' ,'ANTWERPEN' ,POINT(51.2179 ,4.42075) ,'' , NULL, NULL );
INSERT INTO stations (objectid, stationnr,type,street,number,zipcode,district, gpscoord , additionalinfo, labelid, cityid) VALUES ('33505' ,'172' ,'ENKELZIJDIG' ,'Koningin Astridplein (2018)' ,'' ,'2018' ,'ANTWERPEN' ,POINT(51.2179 ,4.42062) ,'' , NULL, NULL );

--TABLE users
-- 60.000 users, see fill_velo_users
--SELECT COUNT(*) FROM velo_users;

INSERT INTO rides (startpoint, endpoint,starttime,endtime,vehicleid,subscriptionid,startlockid,endlockid) VALUES (POINT(51.2083 ,4.44595),POINT(51.1938 ,4.40228),TO_DATE('2015-09-22 08:46:43','YYYY-MM-DD HH24:MI:SS') ,TO_DATE('2012-09-22 08:46:43','YYYY-MM-DD HH24:MI:SS') ,844 ,13296 ,4849 ,3188);
INSERT INTO rides (startpoint, endpoint,starttime,endtime,vehicleid,subscriptionid,startlockid,endlockid) VALUES (POINT(51.2174 ,4.41597),POINT(51.2188 ,4.40935),TO_DATE('2015-09-22 08:19:51','YYYY-MM-DD HH24:MI:SS') ,TO_DATE('2012-09-22 08:19:51','YYYY-MM-DD HH24:MI:SS') ,4545 ,45924 ,NULL ,NULL);
INSERT INTO rides (startpoint, endpoint,starttime,endtime,vehicleid,subscriptionid,startlockid,endlockid) VALUES (POINT(51.2088 ,4.40834),POINT(51.2077 ,4.39846),TO_DATE('2015-09-22 08:27:38','YYYY-MM-DD HH24:MI:SS') ,TO_DATE('2012-09-22 08:27:38','YYYY-MM-DD HH24:MI:SS') ,3419 ,25722 ,2046 ,1951);
INSERT INTO rides (startpoint, endpoint,starttime,endtime,vehicleid,subscriptionid,startlockid,endlockid) VALUES (POINT(51.2023 ,4.41208),POINT(51.2119 ,4.39894),TO_DATE('2015-09-22 08:41:48','YYYY-MM-DD HH24:MI:SS') ,TO_DATE('2012-09-22 08:41:48','YYYY-MM-DD HH24:MI:SS') ,1208 ,31000 ,1821 ,2186);
INSERT INTO rides (startpoint, endpoint,starttime,endtime,vehicleid,subscriptionid,startlockid,endlockid) VALUES (POINT(51.1888 ,4.45039),POINT(51.2221 ,4.40467),TO_DATE('2015-09-22 08:50:08','YYYY-MM-DD HH24:MI:SS') ,TO_DATE('2012-09-22 08:50:08','YYYY-MM-DD HH24:MI:SS') ,5536 ,59732 ,6382 ,2700);
INSERT INTO rides (startpoint, endpoint,starttime,endtime,vehicleid,subscriptionid,startlockid,endlockid) VALUES (POINT(51.2159 ,4.41073),POINT(51.2191 ,4.41596),TO_DATE('2015-09-22 08:29:42','YYYY-MM-DD HH24:MI:SS') ,TO_DATE('2012-09-22 08:29:42','YYYY-MM-DD HH24:MI:SS') ,6336 ,NULL ,NULL ,NULL);
INSERT INTO rides (startpoint, endpoint,starttime,endtime,vehicleid,subscriptionid,startlockid,endlockid) VALUES (POINT(51.2038 ,4.42077),POINT(51.2055 ,4.39933),TO_DATE('2015-09-22 08:05:17','YYYY-MM-DD HH24:MI:SS') ,TO_DATE('2012-09-22 08:05:17','YYYY-MM-DD HH24:MI:SS') ,4045 ,31055 ,1388 ,3401);
INSERT INTO rides (startpoint, endpoint,starttime,endtime,vehicleid,subscriptionid,startlockid,endlockid) VALUES (POINT(51.2191 ,4.3949),POINT(51.2281 ,4.409),TO_DATE('2015-09-22 08:39:11','YYYY-MM-DD HH24:MI:SS') ,TO_DATE('2012-09-22 08:39:11','YYYY-MM-DD HH24:MI:SS') ,2015 ,65164 ,2572 ,13);
INSERT INTO rides (startpoint, endpoint,starttime,endtime,vehicleid,subscriptionid,startlockid,endlockid) VALUES (POINT(51.2182 ,4.41238),POINT(51.209 ,4.43266),TO_DATE('2015-09-22 08:23:27','YYYY-MM-DD HH24:MI:SS') ,TO_DATE('2012-09-22 08:23:27','YYYY-MM-DD HH24:MI:SS') ,5298 ,71164 ,50 ,2067);
INSERT INTO rides (startpoint, endpoint,starttime,endtime,vehicleid,subscriptionid,startlockid,endlockid) VALUES (POINT(51.2196 ,4.41724),POINT(51.2143 ,4.41316),TO_DATE('2015-09-22 08:20:54','YYYY-MM-DD HH24:MI:SS') ,TO_DATE('2012-09-22 08:20:54','YYYY-MM-DD HH24:MI:SS') ,6332 ,68426 ,NULL ,NULL);
INSERT INTO rides (startpoint, endpoint,starttime,endtime,vehicleid,subscriptionid,startlockid,endlockid) VALUES (POINT(51.2179 ,4.41777),POINT(51.211 ,4.40724),TO_DATE('2015-09-22 08:48:14','YYYY-MM-DD HH24:MI:SS') ,TO_DATE('2012-09-22 08:48:14','YYYY-MM-DD HH24:MI:SS') ,1400 ,999 ,985 ,2148);
INSERT INTO rides (startpoint, endpoint,starttime,endtime,vehicleid,subscriptionid,startlockid,endlockid) VALUES (POINT(51.2088 ,4.40834),POINT(51.2145 ,4.44373),TO_DATE('2015-09-22 08:14:52','YYYY-MM-DD HH24:MI:SS') ,TO_DATE('2012-09-22 08:14:52','YYYY-MM-DD HH24:MI:SS') ,957 ,59847 ,2039 ,3038);
INSERT INTO rides (startpoint, endpoint,starttime,endtime,vehicleid,subscriptionid,startlockid,endlockid) VALUES (POINT(51.1744 ,4.40334),POINT(51.2228 ,4.42426),TO_DATE('2015-09-22 08:51:13','YYYY-MM-DD HH24:MI:SS') ,TO_DATE('2012-09-22 08:51:13','YYYY-MM-DD HH24:MI:SS') ,5413 ,5045 ,5619 ,2717);
INSERT INTO rides (startpoint, endpoint,starttime,endtime,vehicleid,subscriptionid,startlockid,endlockid) VALUES (POINT(51.25 ,4.4209),POINT(51.25 ,4.4209),TO_DATE('2015-09-22 08:13:57','YYYY-MM-DD HH24:MI:SS') ,TO_DATE('2012-09-22 08:13:57','YYYY-MM-DD HH24:MI:SS') ,2658 ,65816 ,3531 ,3554);


SELECT TO_TIMESTAMP('2015-09-22 08:46:43','YYYY-MM-DD HH:MI:SS')